,date,description,notes,species,strain,genotype,age,sex,weight,solution,internal,temperature,important,expUnit,slice_slice,slice_notes,slice_location,slice_orientation,important.1,cell_cell,cell_notes,cell_type,cell_location,cell_important,data_incomplete,data_complete,data_images
0,2018.03.20_000,"p87 (DOB 12/23/2017), 26g VGAT Male, cut in Ting HEPES/NMDG (Osm 310 - 0.4g/400 mL NaCl to go from 282->310), 10 min at 34C in Ting HEPES/NMDG -> RT in HEPES saline 2/2 Ca/Mg , recorded in Rao's solution (2/1.3 Ca/Mg)  350 um parasagittal one side, 250 um transtrial on the other. Not confident about the slice quality...",Starting in Kgluc to look for vertical/tuberculoventral cells in the transtrial slice. May try pyramidal in transtrial or parasagittal after...,CBA Mouse,vGAT,het,p87,m,26g,Standard ACSF,Standard K-Gluc,34C,True,True,slice_000, , , , ,cell_000,Dorsal VCN bushy cell. Very little YFP in the vicinity. Very weak IPSCs with laser (even MAX),bushy,AVCN?,True,"CCIV_4nA_max_000.I.14/21, Map_NewBlueLaser_VC_10Hz_003.V.8/114","CCIV_1nA_max_000, CCIV_1nA_max_001, CCIV_1nA_max_002, CCIV_1nA_max_003, CCIV_4nA_max_001, Map_NewBlueLaser_IC_10Hz_000, Map_NewBlueLaser_IC_single_000, Map_NewBlueLaser_VC_10Hz_000, Map_NewBlueLaser_VC_10Hz_001, Map_NewBlueLaser_VC_10Hz_002, Map_NewBlueLaser_VC_10Hz_004, Map_NewBlueLaser_VC_10Hz_005_objectiveUP_NOPE, Map_NewBlueLaser_VC_10Hz_006","Images:   2, Videos:   6"
1,2018.03.20_000,"p87 (DOB 12/23/2017), 26g VGAT Male, cut in Ting HEPES/NMDG (Osm 310 - 0.4g/400 mL NaCl to go from 282->310), 10 min at 34C in Ting HEPES/NMDG -> RT in HEPES saline 2/2 Ca/Mg , recorded in Rao's solution (2/1.3 Ca/Mg)  350 um parasagittal one side, 250 um transtrial on the other. Not confident about the slice quality...",Starting in Kgluc to look for vertical/tuberculoventral cells in the transtrial slice. May try pyramidal in transtrial or parasagittal after...,CBA Mouse,vGAT,het,p87,m,26g,Standard ACSF,Standard K-Gluc,34C,True,True,slice_001, , , ,True,cell_000,"Beautiful!! Nice CA recording to get threshold/map, followed by WC V/I-clamp. VERY NICE!!",tuberculoventral, ,True,Map_NewBlueLaser_VC_Single_000.V.5/16,"CCIV_1nA_Posonly_000, CCIV_1nA_Posonly_001, CCIV_long_000, CCIV_long_001, Map_NewBlueLaser_CA_000_pt5, Map_NewBlueLaser_CA_001_pt08, Map_NewBlueLaser_CA_002_pt06, Map_NewBlueLaser_CA_003_pt05, Map_NewBlueLaser_CA_004_pt04, Map_NewBlueLaser_CA_005_pt045, Map_NewBlueLaser_CA_006_pt045again, Map_NewBlueLaser_IC_10Hz_000, Map_NewBlueLaser_IC_10Hz_001, Map_NewBlueLaser_IC_10Hz_002, Map_NewBlueLaser_IC_10Hz_003, Map_NewBlueLaser_IC_10Hz_004, Map_NewBlueLaser_VC_babysteps_000, Map_NewBlueLaser_VC_babysteps_001, Map_NewBlueLaser_VC_Single_001, Map_NewBlueLaser_VC_Single_002, Map_NewBlueLaser_VC_Single_003",", Videos:   9"
2,2018.03.20_000,"p87 (DOB 12/23/2017), 26g VGAT Male, cut in Ting HEPES/NMDG (Osm 310 - 0.4g/400 mL NaCl to go from 282->310), 10 min at 34C in Ting HEPES/NMDG -> RT in HEPES saline 2/2 Ca/Mg , recorded in Rao's solution (2/1.3 Ca/Mg)  350 um parasagittal one side, 250 um transtrial on the other. Not confident about the slice quality...",Starting in Kgluc to look for vertical/tuberculoventral cells in the transtrial slice. May try pyramidal in transtrial or parasagittal after...,CBA Mouse,vGAT,het,p87,m,26g,Standard ACSF,Standard K-Gluc,34C,True,True,slice_001, , , ,True,cell_001,"Leaky, but informative about input/output with laser.  Spontaneous breakin, 200pA leak, still nice firing and rebound firing..",tuberculoventral, ,True,VGAT_babysteps_002.V.74/186,"CCIV_1nA_Posonly_000, CCIV_long_000, VGAT_babysteps_000, VGAT_babysteps_001","Images:   5, Videos:   6"
3,2018.03.23_000,"p58 (DOB 1/24/2018), 18g VGAT female, cut in Ting HEPES/NMDG (Osm 310 - 4g/400 mL sucrose to go from 281->312), 10 min at 34C in Ting HEPES/NMDG -> RT in HEPES saline 2/2 Ca/Mg , recorded in Rao's solution (2/1.3 Ca/Mg)  250 um transtrial, one side great, not so good on other on the other. ",Hi Cl cesium solution to look at VGAT synapses onto pyramidal cells  Standard Rao solution w/5 uM CNQX disodium,CBA Mouse,vGAT,het,p58,f,18g,Standard ACSF,Cesium,34C,True,True,slice_000, , , ,True,cell_000, , , ,True,VGAT_5mspulses_5Hz_pt06_to_pt5_000.V.25/225,"VCIV_simple_000, VGAT_5mspulses_5Hz_pt045_to_pt1_000, VGAT_5mspulses_5Hz_pt045_to_pt1_001","Images:  13, Videos:  12"
4,2018.03.23_000,"p58 (DOB 1/24/2018), 18g VGAT female, cut in Ting HEPES/NMDG (Osm 310 - 4g/400 mL sucrose to go from 281->312), 10 min at 34C in Ting HEPES/NMDG -> RT in HEPES saline 2/2 Ca/Mg , recorded in Rao's solution (2/1.3 Ca/Mg)  250 um transtrial, one side great, not so good on other on the other. ",Hi Cl cesium solution to look at VGAT synapses onto pyramidal cells  Standard Rao solution w/5 uM CNQX disodium,CBA Mouse,vGAT,het,p58,f,18g,Standard ACSF,Cesium,34C,True,True,slice_000, , , ,True,cell_001, , , , , , ,No Images or Videos
5,2018.03.23_000,"p58 (DOB 1/24/2018), 18g VGAT female, cut in Ting HEPES/NMDG (Osm 310 - 4g/400 mL sucrose to go from 281->312), 10 min at 34C in Ting HEPES/NMDG -> RT in HEPES saline 2/2 Ca/Mg , recorded in Rao's solution (2/1.3 Ca/Mg)  250 um transtrial, one side great, not so good on other on the other. ",Hi Cl cesium solution to look at VGAT synapses onto pyramidal cells  Standard Rao solution w/5 uM CNQX disodium,CBA Mouse,vGAT,het,p58,f,18g,Standard ACSF,Cesium,34C,True,True,slice_001, , , , ,cell_000,"Smaller cell, it's all Vclamp, but I'm guessing transtrial? Too deep for cartwheel? Unfortunately it exploded before imaging. About 5 minutes before acquiring cell I accidentally BLASTED the slice with the blue LED through the 3 filter (instead of 5), giving it a ton of blue. Is that why there's so much spontaneous activity??",unknown, ,False, ,"VCIV_simple_000, VGAT_5mspulses_5Hz_pt045_to_pt1_000, VGAT_5mspulses_5Hz_pt045_to_pt1_001","Images:   1, Videos:   6"
6,2018.03.23_000,"p58 (DOB 1/24/2018), 18g VGAT female, cut in Ting HEPES/NMDG (Osm 310 - 4g/400 mL sucrose to go from 281->312), 10 min at 34C in Ting HEPES/NMDG -> RT in HEPES saline 2/2 Ca/Mg , recorded in Rao's solution (2/1.3 Ca/Mg)  250 um transtrial, one side great, not so good on other on the other. ",Hi Cl cesium solution to look at VGAT synapses onto pyramidal cells  Standard Rao solution w/5 uM CNQX disodium,CBA Mouse,vGAT,het,p58,f,18g,Standard ACSF,Cesium,34C,True,True,slice_002, ,Top DCN slice, ,True,cell_001,"Big beautiful cell. TOP DCN slice. Smallish slice. Beautiful responses. Washed on strychnine, got GABA responses, esp at higher intensities... SWEEEEET!!!",pyramidal,DCN layer II,True, ,"VCIV_simple_000, VGAT_5mspulses_5Hz_pt045_to_pt1_000, VGAT_5mspulses_5Hz_pt045_to_pt1_001, VGAT_5mspulses_5Hz_pt045_to_pt1_002, VGAT_5mspulses_5Hz_pt045_to_pt1_003_strych_stronger, VGAT_5mspulses_5Hz_pt045_to_pt1_004_strych_stronger","Images:  17, Videos:  11"
7,2018.03.23_000,"p58 (DOB 1/24/2018), 18g VGAT female, cut in Ting HEPES/NMDG (Osm 310 - 4g/400 mL sucrose to go from 281->312), 10 min at 34C in Ting HEPES/NMDG -> RT in HEPES saline 2/2 Ca/Mg , recorded in Rao's solution (2/1.3 Ca/Mg)  250 um transtrial, one side great, not so good on other on the other. ",Hi Cl cesium solution to look at VGAT synapses onto pyramidal cells  Standard Rao solution w/5 uM CNQX disodium,CBA Mouse,vGAT,het,p58,f,18g,Standard ACSF,Cesium,34C,True,True,slice_003, , , , ,cell_000,"Beautiful cell, but the strychnine from the last slice (despite 15 min of high speed wash) clearly is still causing problems..",pyramidal, , ,"VCIV_simple_000.V.14/41, VCIV_simple_001.V.34/41, VGAT_20mspulses_5Hz_pt045_to_pt1_000_000.V.80/157","VGAT_5mspulses_5Hz_pt045_to_pt1_000, VGAT_5mspulses_5Hz_pt06_to_pt5_000","Images:  11, Videos:   7"
8,2018.03.23_000wnotes,"p58 (DOB 1/24/2018), 18g VGAT female, cut in Ting HEPES/NMDG (Osm 310 - 4g/400 mL sucrose to go from 281->312), 10 min at 34C in Ting HEPES/NMDG -> RT in HEPES saline 2/2 Ca/Mg , recorded in Rao's solution (2/1.3 Ca/Mg)  250 um transtrial, one side great, not so good on other on the other. ",Hi Cl cesium solution to look at VGAT synapses onto pyramidal cells  Standard Rao solution w/5 uM CNQX disodium,CBA Mouse,vGAT,het,p58,f,18g,Standard ACSF,Cesium,34C,True,True,slice_000, , , ,True,cell_000, , , ,True,VGAT_5mspulses_5Hz_pt06_to_pt5_000.V.25/225,"VCIV_simple_000, VGAT_5mspulses_5Hz_pt045_to_pt1_000, VGAT_5mspulses_5Hz_pt045_to_pt1_001","Images:  13, Videos:  12"
9,2018.03.23_000wnotes,"p58 (DOB 1/24/2018), 18g VGAT female, cut in Ting HEPES/NMDG (Osm 310 - 4g/400 mL sucrose to go from 281->312), 10 min at 34C in Ting HEPES/NMDG -> RT in HEPES saline 2/2 Ca/Mg , recorded in Rao's solution (2/1.3 Ca/Mg)  250 um transtrial, one side great, not so good on other on the other. ",Hi Cl cesium solution to look at VGAT synapses onto pyramidal cells  Standard Rao solution w/5 uM CNQX disodium,CBA Mouse,vGAT,het,p58,f,18g,Standard ACSF,Cesium,34C,True,True,slice_000, , , ,True,cell_001, , , , , , ,No Images or Videos
10,2018.03.23_000wnotes,"p58 (DOB 1/24/2018), 18g VGAT female, cut in Ting HEPES/NMDG (Osm 310 - 4g/400 mL sucrose to go from 281->312), 10 min at 34C in Ting HEPES/NMDG -> RT in HEPES saline 2/2 Ca/Mg , recorded in Rao's solution (2/1.3 Ca/Mg)  250 um transtrial, one side great, not so good on other on the other. ",Hi Cl cesium solution to look at VGAT synapses onto pyramidal cells  Standard Rao solution w/5 uM CNQX disodium,CBA Mouse,vGAT,het,p58,f,18g,Standard ACSF,Cesium,34C,True,True,slice_001, , , , ,cell_000,"Smaller cell, it's all Vclamp, but I'm guessing transtrial? Too deep for cartwheel? Unfortunately it exploded before imaging. About 5 minutes before acquiring cell I accidentally BLASTED the slice with the blue LED through the 3 filter (instead of 5), giving it a ton of blue. Is that why there's so much spontaneous activity??",unknown, ,False, ,"VCIV_simple_000, VGAT_5mspulses_5Hz_pt045_to_pt1_000, VGAT_5mspulses_5Hz_pt045_to_pt1_001",Images:   1
11,2018.03.26_000,"p61 (DOB 1/24/2018), 18g VGAT female, cut in Ting HEPES/NMDG (Osm 313 - No additional sucrose), 10 min at 34C in Ting HEPES/NMDG -> RT in HEPES saline 2/2 Ca/Mg , recorded in Rao's solution (2/1.3 Ca/Mg)  250 um transtrial, slices didn't cut or release well. Too much fibrous dura, etc on the surface???",Hi Cl cesium solution to look at VGAT synapses onto pyramidal cells  Standard Rao solution w/5 uM CNQX disodium,CBA Mouse,vGAT,het,p61,F, ,Standard ACSF,Cesium,34C,True,True,slice_000, , , ,True,cell_000,"Big beautiful cell, a little leaky (200-300pA), a LOT of spontaneous activity in high Cl-, lots of glycine??   Didn't do strychnine because I could figure out the responses...",pyramidal,DCN layer II,True, ,"VCIV_simple_000, VCIV_simple_001, VGAT_5mspulses_5Hz_pt045_to_pt1_000, VGAT_5mspulses_5Hz_pt045_to_pt1_001","Images:  15, Videos:  13"
12,2018.03.26_000,"p61 (DOB 1/24/2018), 18g VGAT female, cut in Ting HEPES/NMDG (Osm 313 - No additional sucrose), 10 min at 34C in Ting HEPES/NMDG -> RT in HEPES saline 2/2 Ca/Mg , recorded in Rao's solution (2/1.3 Ca/Mg)  250 um transtrial, slices didn't cut or release well. Too much fibrous dura, etc on the surface???",Hi Cl cesium solution to look at VGAT synapses onto pyramidal cells  Standard Rao solution w/5 uM CNQX disodium,CBA Mouse,vGAT,het,p61,F, ,Standard ACSF,Cesium,34C,True,True,slice_000, , , ,True,cell_001, ,pyramidal, ,True,VGAT_5mspulses_5Hz_pt06_to_pt5_000_ABORT.V.5/195,"VCIV_simple_000, VCIV_simple_001, VGAT_5mspulses_5Hz_pt045_to_pt1_000, VGAT_5mspulses_5Hz_pt045_to_pt1_001, VGAT_5mspulses_5Hz_pt045_to_pt1_002, VGAT_5mspulses_5Hz_pt06_to_pt5_001, VGAT_5mspulses_5Hz_pt06_to_pt5_002_strych, VGAT_5mspulses_5Hz_pt06_to_pt5_003_washout","Images:  20, Videos:  12"
13,2018.03.26_000,"p61 (DOB 1/24/2018), 18g VGAT female, cut in Ting HEPES/NMDG (Osm 313 - No additional sucrose), 10 min at 34C in Ting HEPES/NMDG -> RT in HEPES saline 2/2 Ca/Mg , recorded in Rao's solution (2/1.3 Ca/Mg)  250 um transtrial, slices didn't cut or release well. Too much fibrous dura, etc on the surface???",Hi Cl cesium solution to look at VGAT synapses onto pyramidal cells  Standard Rao solution w/5 uM CNQX disodium,CBA Mouse,vGAT,het,p61,F, ,Standard ACSF,Cesium,34C,True,True,slice_001, , , , ,cell_000,"Response is inconsistent and weird. Nice fill. From now on, no blocking glycine receptors until the last slice of the day. Strychnine sucks...",pyramidal, , , ,"VCIV_simple_000, VCIV_simple_001, VCIV_simple_002, VGAT_5mspulses_5Hz_pt045_to_pt1_000, VGAT_5mspulses_5Hz_pt045_to_pt1_001, VGAT_5mspulses_5Hz_pt045_to_pt1_002, VGAT_5mspulses_5Hz_pt045_to_pt1_003, VGAT_5mspulses_5Hz_pt045_to_pt1_004, VGAT_5mspulses_5Hz_pt045_to_pt1_005","Images:  22, Videos:  18"
14,2018.03.26_000,"p61 (DOB 1/24/2018), 18g VGAT female, cut in Ting HEPES/NMDG (Osm 313 - No additional sucrose), 10 min at 34C in Ting HEPES/NMDG -> RT in HEPES saline 2/2 Ca/Mg , recorded in Rao's solution (2/1.3 Ca/Mg)  250 um transtrial, slices didn't cut or release well. Too much fibrous dura, etc on the surface???",Hi Cl cesium solution to look at VGAT synapses onto pyramidal cells  Standard Rao solution w/5 uM CNQX disodium,CBA Mouse,vGAT,het,p61,F, ,Standard ACSF,Cesium,34C,True,True,slice_002, , , , ,cell_000, ,unknown, , ,VGAT_5mspulses_5Hz_pt045_to_pt1_000.V.44/175,"VCIV_simple_000, VGAT_5mspulses_5Hz_pt045_to_pt1_001, VGAT_5mspulses_5Hz_pt06_to_pt5_000, VGAT_5mspulses_5Hz_pt06_to_pt5_001","Images:   2, Videos:   7"
15,2018.03.27_000,"p62 (DOB 1/24/2018), 20g VGAT female, cut in Ting HEPES/NMDG (Osm 318 - 2g sucrose/400 mL), 10 min at 34C in Ting HEPES/NMDG -> RT in HEPES saline 2/2 Ca/Mg , recorded in Rao's solution (2/1.3 Ca/Mg)  250 um transtrial, slices cut ok, still a llittle fibrous and difficult","Hi Cl cesium solution to look at VGAT synapses onto pyramidal cells  Standard Rao solution w/5 uM CNQX disodium  2 good transtrial cells, nice direct and synaptic responses, all from deeper layers? No strychnine - tricky to separate spontaneous from synaptic, but good, large laser responses...",CBA Mouse,VGAT,het,p62,F,20g,Standard ACSF,Cesium,34C,True,True,slice_001, ,Deeper DCN slice, ,True,cell_000, ,pyramidal, ,True,VGAT_20mspulses_5Hz_pt045_to_pt1_001_NOLIGHT.V.19/221,"VCIV_simple_000, VCIV_simple_001, VGAT_20mspulses_5Hz_pt045_to_pt1_000, VGAT_20mspulses_5Hz_pt045_to_pt1_000_000, VGAT_5mspulses_5Hz_pt045_to_pt1_000, VGAT_5mspulses_5Hz_pt045_to_pt1_001, VGAT_5mspulses_5Hz_pt045_to_pt1_002","Images:  20, Videos:  18"
16,2018.03.27_000,"p62 (DOB 1/24/2018), 20g VGAT female, cut in Ting HEPES/NMDG (Osm 318 - 2g sucrose/400 mL), 10 min at 34C in Ting HEPES/NMDG -> RT in HEPES saline 2/2 Ca/Mg , recorded in Rao's solution (2/1.3 Ca/Mg)  250 um transtrial, slices cut ok, still a llittle fibrous and difficult","Hi Cl cesium solution to look at VGAT synapses onto pyramidal cells  Standard Rao solution w/5 uM CNQX disodium  2 good transtrial cells, nice direct and synaptic responses, all from deeper layers? No strychnine - tricky to separate spontaneous from synaptic, but good, large laser responses...",CBA Mouse,VGAT,het,p62,F,20g,Standard ACSF,Cesium,34C,True,True,slice_001, ,Deeper DCN slice, ,True,cell_001,"Nice cell, smaller and not as good as cell000, but very light sensitive, lots of synaptic input. These transtrial cells are CRAZY with their interconnections...",tuberculoventral,DCN layer III,True,VGAT_5mspulses_5Hz_pt045_to_pt1_000.V.10/225,"VCIV_simple_000, VGAT_5mspulses_5Hz_pt035_to_pt06_000, VGAT_5mspulses_5Hz_pt035_to_pt06_001",Images:   4
17,2018.04.02_000,"p68 (DOB 1/24/2018), 20g VGAT female, cut in Ting HEPES/NMDG (Osm 327 - watered from 339, pH overshoot), 10 min at 34C in Ting HEPES/NMDG -> RT in HEPES saline 2/2 Ca/Mg (Osm = 327, extra sucrose) , recorded in Rao's solution (2/1.3 Ca/Mg)  250 um transtrial, slices cut look good, cells look good, recordings are NOT great.","Hi Cl cesium solution to look at VGAT synapses onto pyramidal cells  Standard Rao solution w/5 uM CNQX disodium  2 ok transtrial cell, one poorly accessed pyramidal cell. ",CBA Mouse,vGAT,het,p68,f,20g,Standard ACSF,Cesium,34C, ,True,slice_000,"2nd or 3rd slice from top, nice", , , ,cell_000,"Decent cell, ok access improving.. Clear direct response, lots of nice synaptic inputs. A little concerned about synaptic activity increasing after light and staying high...  Early fill was poor under low res, cell exploded during last run, images are poor...",tuberculoventral,DCN layer III,True,VGAT_20mspulses_5Hz_pt035_to_pt06_001.V.87/230,"VCIV_simple_000, VGAT_20mspulses_5Hz_pt035_to_pt06_000, VGAT_20mspulses_5Hz_pt045_to_pt1_000_000, VGAT_5mspulses_5Hz_pt035_to_pt06_000, VGAT_5mspulses_5Hz_pt045_to_pt1_000","Images:   2, Videos:   6"
18,2018.04.02_000,"p68 (DOB 1/24/2018), 20g VGAT female, cut in Ting HEPES/NMDG (Osm 327 - watered from 339, pH overshoot), 10 min at 34C in Ting HEPES/NMDG -> RT in HEPES saline 2/2 Ca/Mg (Osm = 327, extra sucrose) , recorded in Rao's solution (2/1.3 Ca/Mg)  250 um transtrial, slices cut look good, cells look good, recordings are NOT great.","Hi Cl cesium solution to look at VGAT synapses onto pyramidal cells  Standard Rao solution w/5 uM CNQX disodium  2 ok transtrial cell, one poorly accessed pyramidal cell. ",CBA Mouse,vGAT,het,p68,f,20g,Standard ACSF,Cesium,34C, ,True,slice_001,"Same side as 000, next slice up, fairly close to top (dorsal?) surface of DCN..", , , ,cell_000,"nice cell, poor access. All cartwheel connections????",pyramidal,DCN Layer II,True,VGAT_5mspulses_5Hz_pt06_to_pt5_000.V.46/250,"VGAT_5mspulses_5Hz_pt045_to_pt1_000, VGAT_5mspulses_5Hz_pt045_to_pt1_001, VGAT_5mspulses_5Hz_pt045_to_pt1_cell_attached, VGAT_5mspulses_5Hz_pt06_to_pt5_001","Images:   3, Videos:   1"
19,2018.04.04_000,"p70 (DOB 1/24/2018), 20g VGAT female, cut in Ting HEPES/NMDG (Osm 310), 10 min at 34C in Ting HEPES/NMDG -> RT in HEPES saline 2/2 Ca/Mg (Osm = 310) , recorded in Rao's solution (2/1.3 Ca/Mg)  250 um transtrial, slices cut look good, cells look good,  ","Hi Cl cesium solution to look at VGAT synapses onto pyramidal cells  Standard Rao solution w/5 uM CNQX disodium  One spectacular pyramidal cell (slice_001, cell_000)  One not great cartwheel cell (slice_003, cell_000)",CBA Mouse,VGAT,het,p70,f,21g,Standard ACSF,Cesium,34C,True,True,slice_000, , , , ,cell_000, , , , , ,VCIV_simple_000,No Images or Videos
20,2018.04.04_000,"p70 (DOB 1/24/2018), 20g VGAT female, cut in Ting HEPES/NMDG (Osm 310), 10 min at 34C in Ting HEPES/NMDG -> RT in HEPES saline 2/2 Ca/Mg (Osm = 310) , recorded in Rao's solution (2/1.3 Ca/Mg)  250 um transtrial, slices cut look good, cells look good,  ","Hi Cl cesium solution to look at VGAT synapses onto pyramidal cells  Standard Rao solution w/5 uM CNQX disodium  One spectacular pyramidal cell (slice_001, cell_000)  One not great cartwheel cell (slice_003, cell_000)",CBA Mouse,VGAT,het,p70,f,21g,Standard ACSF,Cesium,34C,True,True,slice_000, , , , ,cell_001,Nice tuberculoventral cell. LOTS of spontaneous activity. Blew up after first mapping run trying to get access back to acceptable... Grrrr.,tuberculoventral, ,True, ,"VCIV_simple_000, VGAT_5mspulses_5Hz_pt045_to_pt1_000","Images:   2, Videos:   3"
21,2018.04.04_000,"p70 (DOB 1/24/2018), 20g VGAT female, cut in Ting HEPES/NMDG (Osm 310), 10 min at 34C in Ting HEPES/NMDG -> RT in HEPES saline 2/2 Ca/Mg (Osm = 310) , recorded in Rao's solution (2/1.3 Ca/Mg)  250 um transtrial, slices cut look good, cells look good,  ","Hi Cl cesium solution to look at VGAT synapses onto pyramidal cells  Standard Rao solution w/5 uM CNQX disodium  One spectacular pyramidal cell (slice_001, cell_000)  One not great cartwheel cell (slice_003, cell_000)",CBA Mouse,VGAT,het,p70,f,21g,Standard ACSF,Cesium,34C,True,True,slice_001, , , ,True,cell_000,BIG BEAUTIFUL PYRAMIDAL CELL!!  Amazing cartwheel responses. Limited TV responses. ,pyramidal, ,True, ,"VCIV_simple_000, VCIV_simple_001, VCIV_simple_002, VGAT_20mspulses_5Hz_pt045_to_pt1_000_000, VGAT_20mspulses_5Hz_pt045_to_pt1_000_001, VGAT_5mspulses_5Hz_pt045_to_pt1_000, VGAT_5mspulses_5Hz_pt045_to_pt1_001, VGAT_5mspulses_5Hz_pt045_to_pt1_002, VGAT_5mspulses_5Hz_pt06_to_pt5_000","Images:   9, Videos:   7"
22,2018.04.04_000,"p70 (DOB 1/24/2018), 20g VGAT female, cut in Ting HEPES/NMDG (Osm 310), 10 min at 34C in Ting HEPES/NMDG -> RT in HEPES saline 2/2 Ca/Mg (Osm = 310) , recorded in Rao's solution (2/1.3 Ca/Mg)  250 um transtrial, slices cut look good, cells look good,  ","Hi Cl cesium solution to look at VGAT synapses onto pyramidal cells  Standard Rao solution w/5 uM CNQX disodium  One spectacular pyramidal cell (slice_001, cell_000)  One not great cartwheel cell (slice_003, cell_000)",CBA Mouse,VGAT,het,p70,f,21g,Standard ACSF,Cesium,34C,True,True,slice_003, , , ,True,cell_000,"not a bad recording, but a ton of spontaneous activity, some nice direct responses, hard to make too much out of it..",cartwheel, ,True, ,"VCIV_simple_000, VCIV_simple_001, VGAT_5mspulses_5Hz_pt045_to_pt1_000, VGAT_5mspulses_5Hz_pt045_to_pt1_001","Images:   5, Videos:   8"
23,2018.04.06_000,"p66 (DOB 1/30/2018), 16g VGAT female, cut in Ting HEPES/NMDG (Osm 310), 10 min at 34C in Ting HEPES/NMDG -> RT in HEPES saline 2/2 Ca/Mg (Osm = 310) , recorded in Rao's solution (2/1.3 Ca/Mg)  250 um transtrial one side, 350 um coronal on other..","Hi Cl cesium solution to look at VGAT synapses onto pyramidal cells  Standard Rao solution w/5 uM CNQX disodium  1 good cartwheel cell, lots of maps w/ and w/o strychnine (2 uM)",CBA Mouse,vGAT,het,p66,f,16g,Standard ACSF,Cesium,34C,True,True,slice_000, , , , ,cell_000,"Great cell, lost access and then cell during middle of first run. A bit of control (no light) map, then most of a light map. Cell was 10 Mohm access, 200 pA leak, then _____.  Lots of huge, pretty sponts, not much evoked, some direct...",cartwheel, , ,"VGAT_5mspulses_5Hz_pt045_to_pt1_000_NOLIGHT.V.52/208, VGAT_5mspulses_5Hz_pt045_to_pt1_001.V.114/208",VCIV_simple_000,"Images:   4, Videos:   3"
24,2018.04.06_000,"p66 (DOB 1/30/2018), 16g VGAT female, cut in Ting HEPES/NMDG (Osm 310), 10 min at 34C in Ting HEPES/NMDG -> RT in HEPES saline 2/2 Ca/Mg (Osm = 310) , recorded in Rao's solution (2/1.3 Ca/Mg)  250 um transtrial one side, 350 um coronal on other..","Hi Cl cesium solution to look at VGAT synapses onto pyramidal cells  Standard Rao solution w/5 uM CNQX disodium  1 good cartwheel cell, lots of maps w/ and w/o strychnine (2 uM)",CBA Mouse,vGAT,het,p66,f,16g,Standard ACSF,Cesium,34C,True,True,slice_000, , , , ,cell_001, , , , , , ,Images:   1
25,2018.04.06_000,"p66 (DOB 1/30/2018), 16g VGAT female, cut in Ting HEPES/NMDG (Osm 310), 10 min at 34C in Ting HEPES/NMDG -> RT in HEPES saline 2/2 Ca/Mg (Osm = 310) , recorded in Rao's solution (2/1.3 Ca/Mg)  250 um transtrial one side, 350 um coronal on other..","Hi Cl cesium solution to look at VGAT synapses onto pyramidal cells  Standard Rao solution w/5 uM CNQX disodium  1 good cartwheel cell, lots of maps w/ and w/o strychnine (2 uM)",CBA Mouse,vGAT,het,p66,f,16g,Standard ACSF,Cesium,34C,True,True,slice_001, , , ,True,cell_000,"Beautiful, ok access, LOTS of maps, washed in strychnine for isolated responses. A lot of spontaneous activity early, settled down after 1st run..",cartwheel,Lower layer 1/2 DCN,True, ,"VCIV_simple_000, VCIV_simple_001, VCIV_simple_002, VGAT_20mspulses_5Hz_pt045_to_pt1_000_000, VGAT_5mspulses_5Hz_pt045_to_pt1_000, VGAT_5mspulses_5Hz_pt045_to_pt1_001, VGAT_5mspulses_5Hz_pt045_to_pt1_002, VGAT_5mspulses_5Hz_pt045_to_pt1_003, VGAT_5mspulses_5Hz_pt045_to_pt1_004, VGAT_5mspulses_5Hz_pt045_to_pt1_005, VGAT_5mspulses_5Hz_pt045_to_pt1_006, VGAT_5mspulses_5Hz_pt045_to_pt1_007","Images:  11, Videos:   7"
26,2018.04.09_000,"p69 (DOB 1/30/2018), 19g VGAT female, cut in Ting HEPES/NMDG (Osm 315, 1.2 g/400 mL sucrose added), 10 min at 34C in Ting HEPES/NMDG -> RT in HEPES saline 2/2 Ca/Mg (Osm = 313, 0.8 g/250 mL sucrose added) , recorded in Rao's solution (2/1.3 Ca/Mg)  250 um transtrial both  sides",Hi Cl cesium solution to look at VGAT synapses onto pyramidal cells  Standard Rao solution w/5 uM CNQX disodium  Carboxygen flow to slices stopped by crimp in tubing. Nothing worthwhile.  TRASH!!!,CBA Mouse,VGAT,het,p69,f,19g,Standard ACSF,Cesium,34C,False,True,slice_000, , , , ,cell_000,"Nice cell, sealed up very early, some nice traces but no map",pyramidal, ,True,VGAT_5mspulses_5Hz_pt045_to_pt1_000.V.68/216,VCIV_simple_000,"Images:   2, Videos:   1"
27,2018.04.09_000,"p69 (DOB 1/30/2018), 19g VGAT female, cut in Ting HEPES/NMDG (Osm 315, 1.2 g/400 mL sucrose added), 10 min at 34C in Ting HEPES/NMDG -> RT in HEPES saline 2/2 Ca/Mg (Osm = 313, 0.8 g/250 mL sucrose added) , recorded in Rao's solution (2/1.3 Ca/Mg)  250 um transtrial both  sides",Hi Cl cesium solution to look at VGAT synapses onto pyramidal cells  Standard Rao solution w/5 uM CNQX disodium  Carboxygen flow to slices stopped by crimp in tubing. Nothing worthwhile.  TRASH!!!,CBA Mouse,VGAT,het,p69,f,19g,Standard ACSF,Cesium,34C,False,True,slice_000, , , , ,cell_001, , , , , , ,No Images or Videos
28,2018.04.09_000,"p69 (DOB 1/30/2018), 19g VGAT female, cut in Ting HEPES/NMDG (Osm 315, 1.2 g/400 mL sucrose added), 10 min at 34C in Ting HEPES/NMDG -> RT in HEPES saline 2/2 Ca/Mg (Osm = 313, 0.8 g/250 mL sucrose added) , recorded in Rao's solution (2/1.3 Ca/Mg)  250 um transtrial both  sides",Hi Cl cesium solution to look at VGAT synapses onto pyramidal cells  Standard Rao solution w/5 uM CNQX disodium  Carboxygen flow to slices stopped by crimp in tubing. Nothing worthwhile.  TRASH!!!,CBA Mouse,VGAT,het,p69,f,19g,Standard ACSF,Cesium,34C,False,True,slice_002, , , , ,cell_000,Leaky and crappy. not worth a damn.,CArtwheel, ,False, ,"VCIV_simple_000, VGAT_5mspulses_5Hz_pt035_to_pt06_000, VGAT_5mspulses_5Hz_pt035_to_pt06_001, VGAT_5mspulses_5Hz_pt035_to_pt06_002, VGAT_5mspulses_5Hz_pt035_to_pt06_003",Images:   2
29,2018.04.11_000,"p48 (DOB 2/22/2018), 23g VGAT male, cut in Ting HEPES/NMDG (Osm 315, 1.2 g/400 mL sucrose added), 10 min at 34C in Ting HEPES/NMDG -> RT in HEPES saline 2/2 Ca/Mg (Osm = 313, 1.3 g/250 mL sucrose added) , recorded in Rao's solution (2/1.3 Ca/Mg)  250 um transtrial both  sides","Hi Cl cesium solution to look at VGAT synapses onto pyramidal cells  Standard Rao solution w/5 uM CNQX disodium  one transtrial cell (slice_000, cell_001) not great..",CBA Mouse,vGAT,het,p48,m,23g,Standard ACSF,Cesium,34C, ,True,slice_000, , , , ,cell_000, , , , ,VCIV_simple_000.V.20/41, ,No Images or Videos
30,2018.04.11_000,"p48 (DOB 2/22/2018), 23g VGAT male, cut in Ting HEPES/NMDG (Osm 315, 1.2 g/400 mL sucrose added), 10 min at 34C in Ting HEPES/NMDG -> RT in HEPES saline 2/2 Ca/Mg (Osm = 313, 1.3 g/250 mL sucrose added) , recorded in Rao's solution (2/1.3 Ca/Mg)  250 um transtrial both  sides","Hi Cl cesium solution to look at VGAT synapses onto pyramidal cells  Standard Rao solution w/5 uM CNQX disodium  one transtrial cell (slice_000, cell_001) not great..",CBA Mouse,vGAT,het,p48,m,23g,Standard ACSF,Cesium,34C, ,True,slice_000, , , , ,cell_001, ,tuberculoventral, , ,VGAT_5mspulses_5Hz_pt045_to_pt1_000.V.11/247,"VCIV_simple_000, VGAT_5mspulses_5Hz_pt045_to_pt1_001, VGAT_5mspulses_5Hz_pt045_to_pt1_002","Images:   3, Videos:   2"
31,2018.05.07_000,"p31 (DOB 4/6/2018), 17g VGAT male, cut in Ting HEPES/NMDG (Osm 313, no sucrose added), 10 min at 34C in Ting HEPES/NMDG -> RT in HEPES saline 2/2 Ca/Mg (10 mM LNac, Osm = 313, no sucrose added) , recorded in Rao's solution (2/1.3 Ca/Mg)  250 um transtrial both sides","Std ACSF with 5 uM CNQX disodium  Recording with Hi Cl cesium based internal.  Slice_001, cell_000 - very nice pyramidal cell, higher than ideal spont rate, access gradually declines, but nice maps",CBA Mouse,VGAT,het,p31,f,17g,Standard ACSF,Cesium,34C,True,True,slice_001, , , ,True,cell_000,"Nice cell, great access, a bit sponty and noisy, but good.",pyramidal,DCN 2nd slice,True,"Map_NewBlueLaser_VC_10Hz_000.V.0/1, Map_NewBlueLaser_VC_increase_1ms_000.V.0/1, Map_NewBlueLaser_VC_increase_1ms_001.V.0/1","Map_NewBlueLaser_VC_increase_1ms_002, Map_NewBlueLaser_VC_increase_1ms_003, Map_NewBlueLaser_VC_increase_1ms_004, VGAT_5mspulses_5Hz_pt035_to_pt06_000, VGAT_5mspulses_5Hz_pt035_to_pt06_001, VGAT_5mspulses_5Hz_pt045_to_pt1_000, VGAT_5mspulses_5Hz_pt045_to_pt1_001, VGAT_5mspulses_5Hz_pt045_to_pt1_002","Images:   4, Videos:   5"
32,2018.05.07_000,"p31 (DOB 4/6/2018), 17g VGAT male, cut in Ting HEPES/NMDG (Osm 313, no sucrose added), 10 min at 34C in Ting HEPES/NMDG -> RT in HEPES saline 2/2 Ca/Mg (10 mM LNac, Osm = 313, no sucrose added) , recorded in Rao's solution (2/1.3 Ca/Mg)  250 um transtrial both sides","Std ACSF with 5 uM CNQX disodium  Recording with Hi Cl cesium based internal.  Slice_001, cell_000 - very nice pyramidal cell, higher than ideal spont rate, access gradually declines, but nice maps",CBA Mouse,VGAT,het,p31,f,17g,Standard ACSF,Cesium,34C,True,True,slice_003, , , , ,cell_000,"Nice cell, lost in middle of first map. Had some interesting looking direct and distant responses...",tuberculoventral, ,True,VGAT_5mspulses_5Hz_pt045_to_pt1_000.V.291/300,VCIV_simple_000,"Images:   2, Videos:   5"
33,2018.05.09_000,"MT9 - VGAT DOB 4/6/2018, 14g, p33, cut in Ting HEPES/NMDG (Osm 310, no sucrose added), 10 min at 34C in Ting HEPES/NMDG -> RT in HEPES saline 2/2 Ca/Mg (10 mM LNac, Osm = 315, no sucrose added) , recorded in Rao's solution (2/1.3 Ca/Mg, osm=321)  250 um transtrial both sides", ,CBA Mouse,VGAT,het,p33,m,14g,Standard ACSF,Cesium,34C, ,True,slice_001, , , , ,cell_000, ,pyramidal, , ,"CCIV_1nA_Posonly_000.I.8/21, CCIV_short_000.I.3/21","Map_NewBlueLaser_VC_10Hz_000, Map_NewBlueLaser_VC_10Hz_001, VCIV_simple_000, VGAT_20mspulses_5Hz_pt045_to_pt1_000_000, VGAT_5mspulses_5Hz_pt045_to_pt1_000, VGAT_5mspulses_5Hz_pt045_to_pt1_001, VGAT_5mspulses_5Hz_pt045_to_pt1_002, VGAT_5mspulses_5Hz_pt045_to_pt1_003, VGAT_5mspulses_5Hz_pt045_to_pt1_004, VGAT_5mspulses_5Hz_pt06_to_pt5_000","Images:   3, Videos:  10"
34,2018.05.11_000,"MU2 - VGAT DOB 4/6/2018, 20g, p35, cut in Ting HEPES/NMDG (Osm 312, no sucrose added), 10 min at 34C in Ting HEPES/NMDG -> RT in HEPES saline 2/2 Ca/Mg (10 mM LNac, Osm = 311, no sucrose added) , recorded in Rao's solution (2/1.3 Ca/Mg)  250 um transtrial both sides",Std ACSF with 5 uM CNQX disodium  Recording with Hi Cl cesium based internal.,CBA Mouse,VGAT,het,p35,M,20g,Standard ACSF,Standard K-Gluc,34C,True,True,slice_000, , , , ,cell_000,"Nice cell, marginal access. A bit heavy on the spontaneous activity at times, but not bad.. ",pyramidal, , ,VGAT_5mspulses_5Hz_pt045_to_pt1_000.V.30/154,"VCIV_simple_000, VCIV_simple_001, VGAT_5mspulses_5Hz_pt035_to_pt06_000, VGAT_5mspulses_5Hz_pt035_to_pt06_001, VGAT_5mspulses_5Hz_pt045_to_pt1_001, VGAT_5mspulses_5Hz_pt045_to_pt1_002","Images:   4, Videos:  10"
35,2018.05.11_000,"MU2 - VGAT DOB 4/6/2018, 20g, p35, cut in Ting HEPES/NMDG (Osm 312, no sucrose added), 10 min at 34C in Ting HEPES/NMDG -> RT in HEPES saline 2/2 Ca/Mg (10 mM LNac, Osm = 311, no sucrose added) , recorded in Rao's solution (2/1.3 Ca/Mg)  250 um transtrial both sides",Std ACSF with 5 uM CNQX disodium  Recording with Hi Cl cesium based internal.,CBA Mouse,VGAT,het,p35,M,20g,Standard ACSF,Standard K-Gluc,34C,True,True,slice_000, , , , ,cell_001, , , , ,VGAT_5mspulses_5Hz_pt035_to_pt06_000.V.122/199,VCIV_simple_000,Images:   1
36,2018.05.11_000,"MU2 - VGAT DOB 4/6/2018, 20g, p35, cut in Ting HEPES/NMDG (Osm 312, no sucrose added), 10 min at 34C in Ting HEPES/NMDG -> RT in HEPES saline 2/2 Ca/Mg (10 mM LNac, Osm = 311, no sucrose added) , recorded in Rao's solution (2/1.3 Ca/Mg)  250 um transtrial both sides",Std ACSF with 5 uM CNQX disodium  Recording with Hi Cl cesium based internal.,CBA Mouse,VGAT,het,p35,M,20g,Standard ACSF,Standard K-Gluc,34C,True,True,slice_001, , , , ,cell_000, , , , ,VCIV_simple_001.V.6/41,"VCIV_simple_000, VGAT_5mspulses_5Hz_pt035_to_pt06_000, VGAT_5mspulses_5Hz_pt045_to_pt1_000, VGAT_5mspulses_5Hz_pt045_to_pt1_001, VGAT_5mspulses_5Hz_pt045_to_pt1_002, VGAT_5mspulses_5Hz_pt06_to_pt5_000, VGAT_5mspulses_5Hz_pt06_to_pt5_001","Images:   3, Videos:   6"
37,2018.05.23_000,"MT1 - VGAT DOB 4/6/2018, 22g, p43, cut in Ting HEPES/NMDG (Osm 308, no sucrose added), 10 min at 34C in Ting HEPES/NMDG -> RT in HEPES saline 2/2 Ca/Mg (10 mM LNac, Osm = 307, no sucrose added) , recorded in Rao's solution (2/1.3 Ca/Mg)  250 um transtrial both sides",Std ACSF with 5 uM CNQX disodium  Recording with Hi Cl cesium based internal.  Switched back to 63x for patching. SO FRUSTRATING!!!,CBA Mouse,VGAT,het,p43,m,22g,Standard ACSF,Cesium,34C,True,True,slice_001, , , , ,cell_000, ,tuberculoventral, ,True, ,"VCIV_simple_000, VCIV_simple_001, VGAT_5mspulses_5Hz_pt035_to_pt06_000, VGAT_5mspulses_5Hz_pt035_to_pt06_001, VGAT_5mspulses_5Hz_pt035_to_pt06_002, VGAT_5mspulses_5Hz_pt045_to_pt1_000","Images:   4, Videos:   5"
38,2018.05.23_000,"MT1 - VGAT DOB 4/6/2018, 22g, p43, cut in Ting HEPES/NMDG (Osm 308, no sucrose added), 10 min at 34C in Ting HEPES/NMDG -> RT in HEPES saline 2/2 Ca/Mg (10 mM LNac, Osm = 307, no sucrose added) , recorded in Rao's solution (2/1.3 Ca/Mg)  250 um transtrial both sides",Std ACSF with 5 uM CNQX disodium  Recording with Hi Cl cesium based internal.  Switched back to 63x for patching. SO FRUSTRATING!!!,CBA Mouse,VGAT,het,p43,m,22g,Standard ACSF,Cesium,34C,True,True,slice_001, , , , ,cell_001, , , , , , ,No Images or Videos
39,2018.05.23_000,"MT1 - VGAT DOB 4/6/2018, 22g, p43, cut in Ting HEPES/NMDG (Osm 308, no sucrose added), 10 min at 34C in Ting HEPES/NMDG -> RT in HEPES saline 2/2 Ca/Mg (10 mM LNac, Osm = 307, no sucrose added) , recorded in Rao's solution (2/1.3 Ca/Mg)  250 um transtrial both sides",Std ACSF with 5 uM CNQX disodium  Recording with Hi Cl cesium based internal.  Switched back to 63x for patching. SO FRUSTRATING!!!,CBA Mouse,VGAT,het,p43,m,22g,Standard ACSF,Cesium,34C,True,True,slice_002, , , , ,cell_000,"Weird Glycinergic cell. What is it? Clear direct responses, but..",unknown, ,True,VGAT_5mspulses_5Hz_pt035_to_pt06_000.V.3/225,"VCIV_simple_000, VCIV_simple_001, VGAT_5mspulses_5Hz_pt035_to_pt06_001, VGAT_5mspulses_5Hz_pt045_to_pt1_000, VGAT_5mspulses_5Hz_pt045_to_pt1_001, VGAT_5mspulses_5Hz_pt045_to_pt1_002","Images:   2, Videos:  10"
40,2018.05.25_000,"MT1 - VGAT DOB 4/6/2018, 22g, p45, cut in Ting HEPES/NMDG (Osm 305, no sucrose added), 10 min at 34C in Ting HEPES/NMDG -> RT in HEPES saline 2/2 Ca/Mg (10 mM LNac, Osm = 307, no sucrose added) , recorded in Rao's solution (2/1.3 Ca/Mg)  250 um transtrial both sides, though one side was cut with whole cerebellum to test if DCN sliced cleaner with more tissue attached...","Std ACSF with 5+ uM CNQX disodium  Recording with Hi Cl cesium based internal.  slice_000, cell_000, cartwheel cell - looks good but map is messy, loss of access (though still ok)  slice_002, cell_000, transtrial cell - last 2 maps are big and look ok, but need more analysis...",cBA Mouse,vGAT,het,p45,m,22g,Standard ACSF,Cesium,34C,True,True,slice_000, , , ,True,cell_000,Nice maps.,cartwheel, ,True, ,"VCIV_simple_000, VCIV_simple_001, VCIV_simple_002, VGAT_5mspulses_5Hz_pt035_to_pt06_000, VGAT_5mspulses_5Hz_pt035_to_pt06_001, VGAT_5mspulses_5Hz_pt045_to_pt1_000","Images:  10, Videos:   8"
41,2018.05.25_000,"MT1 - VGAT DOB 4/6/2018, 22g, p45, cut in Ting HEPES/NMDG (Osm 305, no sucrose added), 10 min at 34C in Ting HEPES/NMDG -> RT in HEPES saline 2/2 Ca/Mg (10 mM LNac, Osm = 307, no sucrose added) , recorded in Rao's solution (2/1.3 Ca/Mg)  250 um transtrial both sides, though one side was cut with whole cerebellum to test if DCN sliced cleaner with more tissue attached...","Std ACSF with 5+ uM CNQX disodium  Recording with Hi Cl cesium based internal.  slice_000, cell_000, cartwheel cell - looks good but map is messy, loss of access (though still ok)  slice_002, cell_000, transtrial cell - last 2 maps are big and look ok, but need more analysis...",cBA Mouse,vGAT,het,p45,m,22g,Standard ACSF,Cesium,34C,True,True,slice_000, , , ,True,cell_001,deep cell attached. Probably a TV cell. Could see sponts but nothing else..,unknown, , , ,"VGAT_5mspulses_5Hz_pt045_to_pt1_000, VGAT_5mspulses_5Hz_pt045_to_pt1_001",No Images or Videos
42,2018.05.25_000,"MT1 - VGAT DOB 4/6/2018, 22g, p45, cut in Ting HEPES/NMDG (Osm 305, no sucrose added), 10 min at 34C in Ting HEPES/NMDG -> RT in HEPES saline 2/2 Ca/Mg (10 mM LNac, Osm = 307, no sucrose added) , recorded in Rao's solution (2/1.3 Ca/Mg)  250 um transtrial both sides, though one side was cut with whole cerebellum to test if DCN sliced cleaner with more tissue attached...","Std ACSF with 5+ uM CNQX disodium  Recording with Hi Cl cesium based internal.  slice_000, cell_000, cartwheel cell - looks good but map is messy, loss of access (though still ok)  slice_002, cell_000, transtrial cell - last 2 maps are big and look ok, but need more analysis...",cBA Mouse,vGAT,het,p45,m,22g,Standard ACSF,Cesium,34C,True,True,slice_002,flipped slice 001 , , ,True,cell_000,?? ,tuberculoventral, ,True,VGAT_5mspulses_5Hz_pt035_to_pt06_001.V.43/360,"VCIV_simple_000, VCIV_simple_001, VGAT_5mspulses_5Hz_pt035_to_pt06_000, VGAT_5mspulses_5Hz_pt035_to_pt06_002, VGAT_5mspulses_5Hz_pt045_to_pt1_000","Images:   7, Videos:   6"
43,2018.06.25_000,"NA2 - VGAT DOB 4/29/2018, 25g, p58, cut in Ting HEPES/NMDG (Osm 305, no sucrose added), 10 min at 34C in Ting HEPES/NMDG -> RT in HEPES saline 2/2 Ca/Mg (10 mM LNac, Osm = 309, no sucrose added) , recorded in Rao's solution (2/1.3 Ca/Mg)  250 um transtrial both sides, though one side wasn't great","Rough day, but slice_002 cell_000 is a cartwheel with lots of maps in current clamp. No cell attached...",CBA Mouse,VGAT,het,p58,m,25g,Standard ACSF,Standard K-Gluc,34C,True,True,slice_000, , , , ,cell_000, , , , ,VGAT_5mspulses_5Hz_pt045_to_pt1_000.V.105/130, ,"Images:   4, Videos:   1"
44,2018.06.25_000,"NA2 - VGAT DOB 4/29/2018, 25g, p58, cut in Ting HEPES/NMDG (Osm 305, no sucrose added), 10 min at 34C in Ting HEPES/NMDG -> RT in HEPES saline 2/2 Ca/Mg (10 mM LNac, Osm = 309, no sucrose added) , recorded in Rao's solution (2/1.3 Ca/Mg)  250 um transtrial both sides, though one side wasn't great","Rough day, but slice_002 cell_000 is a cartwheel with lots of maps in current clamp. No cell attached...",CBA Mouse,VGAT,het,p58,m,25g,Standard ACSF,Standard K-Gluc,34C,True,True,slice_000, , , , ,cell_001, , , , ,VGAT_5mspulses_5Hz_pt045_to_pt1_CC_001.I.116/143,"CCIV_1nA_Posonly_000, CCIV_1nA_Posonly_001, VGAT_5mspulses_5Hz_pt045_to_pt1_000, VGAT_5mspulses_5Hz_pt045_to_pt1_001, VGAT_5mspulses_5Hz_pt045_to_pt1_002, VGAT_5mspulses_5Hz_pt045_to_pt1_003, VGAT_5mspulses_5Hz_pt045_to_pt1_CC_000",", Videos:   2"
45,2018.06.25_000,"NA2 - VGAT DOB 4/29/2018, 25g, p58, cut in Ting HEPES/NMDG (Osm 305, no sucrose added), 10 min at 34C in Ting HEPES/NMDG -> RT in HEPES saline 2/2 Ca/Mg (10 mM LNac, Osm = 309, no sucrose added) , recorded in Rao's solution (2/1.3 Ca/Mg)  250 um transtrial both sides, though one side wasn't great","Rough day, but slice_002 cell_000 is a cartwheel with lots of maps in current clamp. No cell attached...",CBA Mouse,VGAT,het,p58,m,25g,Standard ACSF,Standard K-Gluc,34C,True,True,slice_001, , , ,False,cell_000, , , , ,"CCIV_1nA_Posonly_000.I.2/21, VGAT_5mspulses_5Hz_pt06_to_pt5_000.V.80/114","CCIV_1nA_Posonly_001, CCIV_long_000, VGAT_5mspulses_5Hz_pt045_to_pt1_000",Images:   2
46,2018.06.25_000,"NA2 - VGAT DOB 4/29/2018, 25g, p58, cut in Ting HEPES/NMDG (Osm 305, no sucrose added), 10 min at 34C in Ting HEPES/NMDG -> RT in HEPES saline 2/2 Ca/Mg (10 mM LNac, Osm = 309, no sucrose added) , recorded in Rao's solution (2/1.3 Ca/Mg)  250 um transtrial both sides, though one side wasn't great","Rough day, but slice_002 cell_000 is a cartwheel with lots of maps in current clamp. No cell attached...",CBA Mouse,VGAT,het,p58,m,25g,Standard ACSF,Standard K-Gluc,34C,True,True,slice_001, , , ,False,cell_001, , , , , , ,Images:   1
47,2018.06.25_000,"NA2 - VGAT DOB 4/29/2018, 25g, p58, cut in Ting HEPES/NMDG (Osm 305, no sucrose added), 10 min at 34C in Ting HEPES/NMDG -> RT in HEPES saline 2/2 Ca/Mg (10 mM LNac, Osm = 309, no sucrose added) , recorded in Rao's solution (2/1.3 Ca/Mg)  250 um transtrial both sides, though one side wasn't great","Rough day, but slice_002 cell_000 is a cartwheel with lots of maps in current clamp. No cell attached...",CBA Mouse,VGAT,het,p58,m,25g,Standard ACSF,Standard K-Gluc,34C,True,True,slice_001, , , ,False,cell_002, , , , , , ,Images:   1
48,2018.06.25_000,"NA2 - VGAT DOB 4/29/2018, 25g, p58, cut in Ting HEPES/NMDG (Osm 305, no sucrose added), 10 min at 34C in Ting HEPES/NMDG -> RT in HEPES saline 2/2 Ca/Mg (10 mM LNac, Osm = 309, no sucrose added) , recorded in Rao's solution (2/1.3 Ca/Mg)  250 um transtrial both sides, though one side wasn't great","Rough day, but slice_002 cell_000 is a cartwheel with lots of maps in current clamp. No cell attached...",CBA Mouse,VGAT,het,p58,m,25g,Standard ACSF,Standard K-Gluc,34C,True,True,slice_002, , , ,True,cell_000,"Big beautiful cartwheel cell. A little on the leaky side, weird firing, but nice responses to light and survived the mapping.  Went spontaneous WC, so couldn't get any CA in...",cartwheel,layer 1,True,"VGAT_5mspulses_5Hz_pt045_to_pt1_CC_000.I.16/263, VGAT_5mspulses_5Hz_pt045_to_pt1_CC_003.I.30/31","CCIV_1nA_max_000, CCIV_long_000, CCIV_long_001, VGAT_5mspulses_5Hz_pt045_to_pt1_000, VGAT_5mspulses_5Hz_pt045_to_pt1_CC_001, VGAT_5mspulses_5Hz_pt045_to_pt1_CC_002",Images:  14
49,2018.07.13_000,"NF2 - VGAT DOB 5/28/2018, 17g, p46, cut in Ting HEPES/NMDG (Osm 305, no sucrose added), 10 min at 34C in Ting HEPES/NMDG -> RT in HEPES saline 2/2 Ca/Mg (10 mM LNac, Osm = 310, no sucrose added) , recorded in Rao's solution (2/1.3 Ca/Mg)  250 um transtrial both sides","Std ACSF with 5+ uM CNQX disodium  Recording with Hi Cl cesium based internal.  slice_001, cell_000, cartwheel cell - looks good but at top of slice so map may be weird...  slice_002, cell_000, cartwheel cell - looks good, only did lower intensity maps, plenty of responses...",CBA Mouse,VGAT,het,p46,M,19g,Standard ACSF,Cesium,34C,True,True,slice_001,"top slice, actually recording cartwheel cell through top surface. May result in weird maps since other CW cells could and will be in any direction from recorded cell.", , ,True,cell_000,"Odd situation, recording from cartwheel cell at top surface of slice. So not ideal for mapping input specificity (CW cells could be in any direction, TV cell location is unknown or non-existent.  Fiar amount of spontaneous activity. Not a great N..",cartwheel, ,True,VGAT_5mspulses_5Hz_pt045_to_pt1_001.V.76/189,"VCIV_simple_000, VCIV_simple_001, VCIV_simple_002, VGAT_5mspulses_5Hz_pt035_to_pt06_000, VGAT_5mspulses_5Hz_pt035_to_pt06_001, VGAT_5mspulses_5Hz_pt035_to_pt06_002, VGAT_5mspulses_5Hz_pt045_to_pt1_000, VGAT_5mspulses_5Hz_pt045_to_pt1_002, VGAT_5mspulses_5Hz_pt045_to_pt1_003, VGAT_5mspulses_5Hz_pt045_to_pt1_004, VGAT_5mspulses_5Hz_pt045_to_pt1_005","Images:  15, Videos:  10"
50,2018.07.13_000,"NF2 - VGAT DOB 5/28/2018, 17g, p46, cut in Ting HEPES/NMDG (Osm 305, no sucrose added), 10 min at 34C in Ting HEPES/NMDG -> RT in HEPES saline 2/2 Ca/Mg (10 mM LNac, Osm = 310, no sucrose added) , recorded in Rao's solution (2/1.3 Ca/Mg)  250 um transtrial both sides","Std ACSF with 5+ uM CNQX disodium  Recording with Hi Cl cesium based internal.  slice_001, cell_000, cartwheel cell - looks good but at top of slice so map may be weird...  slice_002, cell_000, cartwheel cell - looks good, only did lower intensity maps, plenty of responses...",CBA Mouse,VGAT,het,p46,M,19g,Standard ACSF,Cesium,34C,True,True,slice_002, , , ,True,cell_000,Nice cell pretty maps.,cartwheel, ,True,VGAT_5mspulses_5Hz_pt035_to_pt06_003.V.8/228,"VCIV_simple_000, VCIV_simple_001, VGAT_5mspulses_5Hz_pt035_to_pt06_000, VGAT_5mspulses_5Hz_pt035_to_pt06_001, VGAT_5mspulses_5Hz_pt035_to_pt06_002, VGAT_5mspulses_5Hz_pt035_to_pt06_004","Images:   3, Videos:   4"
51,2018.07.16_000,"NG10 - VGAT DOB 5/28/2018, 17g, p49, cut in Ting HEPES/NMDG (Osm 306, no sucrose added), 10 min at 34C in Ting HEPES/NMDG -> RT in HEPES saline 2/2 Ca/Mg (10 mM LNac, Osm = 310, no sucrose added) , recorded in Rao's solution (2/1.3 Ca/Mg)  250 um transtrial both sides",Std ACSF with 5+ uM CNQX disodium  Recording with Hi Cl cesium based internal. ,CBA Mouse,VGAT,het,p49,f,17g,Standard ACSF,Cesium,34C,True,True,slice_000, , , ,True,cell_000,"Nice cell, wish access were a bit better, good maps..",pyramidal, ,True, ,"VCIV_simple_000, VCIV_simple_001, VGAT_5mspulses_5Hz_pt035_to_pt06_000, VGAT_5mspulses_5Hz_pt035_to_pt06_001, VGAT_5mspulses_5Hz_pt045_to_pt1_000","Images:  12, Videos:   9"
52,2018.07.16_000,"NG10 - VGAT DOB 5/28/2018, 17g, p49, cut in Ting HEPES/NMDG (Osm 306, no sucrose added), 10 min at 34C in Ting HEPES/NMDG -> RT in HEPES saline 2/2 Ca/Mg (10 mM LNac, Osm = 310, no sucrose added) , recorded in Rao's solution (2/1.3 Ca/Mg)  250 um transtrial both sides",Std ACSF with 5+ uM CNQX disodium  Recording with Hi Cl cesium based internal. ,CBA Mouse,VGAT,het,p49,f,17g,Standard ACSF,Cesium,34C,True,True,slice_000, , , ,True,cell_001, , , , , , ,", Videos:   1"
53,2018.07.16_000,"NG10 - VGAT DOB 5/28/2018, 17g, p49, cut in Ting HEPES/NMDG (Osm 306, no sucrose added), 10 min at 34C in Ting HEPES/NMDG -> RT in HEPES saline 2/2 Ca/Mg (10 mM LNac, Osm = 310, no sucrose added) , recorded in Rao's solution (2/1.3 Ca/Mg)  250 um transtrial both sides",Std ACSF with 5+ uM CNQX disodium  Recording with Hi Cl cesium based internal. ,CBA Mouse,VGAT,het,p49,f,17g,Standard ACSF,Cesium,34C,True,True,slice_000, , , ,True,cell_002, ,cartwheel, ,True, ,"VCIV_simple_000, VCIV_simple_001, VGAT_5mspulses_5Hz_pt035_to_pt06_000, VGAT_5mspulses_5Hz_pt035_to_pt06_001, VGAT_5mspulses_5Hz_pt045_to_pt1_000, VGAT_5mspulses_5Hz_pt045_to_pt1_001","Images:   5, Videos:   5"
54,2018.07.16_000,"NG10 - VGAT DOB 5/28/2018, 17g, p49, cut in Ting HEPES/NMDG (Osm 306, no sucrose added), 10 min at 34C in Ting HEPES/NMDG -> RT in HEPES saline 2/2 Ca/Mg (10 mM LNac, Osm = 310, no sucrose added) , recorded in Rao's solution (2/1.3 Ca/Mg)  250 um transtrial both sides",Std ACSF with 5+ uM CNQX disodium  Recording with Hi Cl cesium based internal. ,CBA Mouse,VGAT,het,p49,f,17g,Standard ACSF,Cesium,34C,True,True,slice_001, , , , ,cell_000,leaky but nice??,cartwheel, ,True, ,"VCIV_simple_000, VGAT_5mspulses_5Hz_pt035_to_pt06_000, VGAT_5mspulses_5Hz_pt035_to_pt06_001","Images:   7, Videos:   6"
55,2018.08.31_000,"NM3 - VGAT DOB 7/11/2018, 23g, p51, cut in Ting HEPES/NMDG, 10 min at 34C in Ting HEPES/NMDG -> RT in HEPES saline 2/2 Ca/Mg (10 mM LNac), recorded in Rao's solution (2/1.3 Ca/Mg)  Animal was NIHL exposed 8/14, ABR 8/29 (or 8/28?)  ",Std ACSF with 5+ uM CNQX disodium  Recording with Hi Cl cesium based internal.  s0c0 - cartwheel s1c0 - pyramidal s2c0 - pyramidal  All good. ,CBA Mouse,vGAT,het,p51,M,23g,Standard ACSF,Cesium,34C,True,True,slice_000,"top of top slice. Through dorsal surface. So, cartwheel cells...", , ,True,cell_000,"From top of slice. Weird spontaneous activity, but clear connections...",cartwheel, ,True,"VGAT_5mspulses_5Hz_pt035_to_pt06_000.V.0/1, VGAT_5mspulses_5Hz_pt035_to_pt06_002.V.13/265","VCIV_simple_000, VCIV_simple_001, VGAT_5mspulses_5Hz_pt035_to_pt06_001, VGAT_5mspulses_5Hz_pt035_to_pt06_003, VGAT_5mspulses_5Hz_pt035_to_pt06_004, VGAT_5mspulses_5Hz_pt035_to_pt06_005, VGAT_5mspulses_5Hz_pt035_to_pt06_006, VGAT_5mspulses_5Hz_pt045_to_pt1_000","Images:  13, Videos:   7"
56,2018.08.31_000,"NM3 - VGAT DOB 7/11/2018, 23g, p51, cut in Ting HEPES/NMDG, 10 min at 34C in Ting HEPES/NMDG -> RT in HEPES saline 2/2 Ca/Mg (10 mM LNac), recorded in Rao's solution (2/1.3 Ca/Mg)  Animal was NIHL exposed 8/14, ABR 8/29 (or 8/28?)  ",Std ACSF with 5+ uM CNQX disodium  Recording with Hi Cl cesium based internal.  s0c0 - cartwheel s1c0 - pyramidal s2c0 - pyramidal  All good. ,CBA Mouse,vGAT,het,p51,M,23g,Standard ACSF,Cesium,34C,True,True,slice_001, , , ,True,cell_000, ,pyramidal, ,True,"Map_NewBlueLaser_VC_10Hz_000.V.0/1, Map_NewBlueLaser_VC_10Hz_001.V.0/1, Map_NewBlueLaser_VC_10Hz_002.V.0/1, Map_NewBlueLaser_VC_10Hz_003.V.0/1, Map_NewBlueLaser_VC_10Hz_004.V.0/1, Map_NewBlueLaser_VC_10Hz_005.V.0/1, Map_NewBlueLaser_VC_10Hz_007.V.0/1, Map_NewBlueLaser_VC_10Hz_008.V.0/1, Map_NewBlueLaser_VC_10Hz_009.V.0/1, VGAT_5mspulses_5Hz_pt035_to_pt06_002.V.0/1, VGAT_5mspulses_5Hz_pt045_to_pt1_001.V.0/1, VGAT_5mspulses_5Hz_pt045_to_pt1_002.V.0/1, VGAT_5mspulses_5Hz_pt06_to_pt5_000.V.0/1, VGAT_5mspulses_5Hz_pt06_to_pt5_001.V.0/1, VGAT_5mspulses_5Hz_pt06_to_pt5_002.V.0/1, VGAT_5mspulses_5Hz_pt06_to_pt5_003.V.0/1, VGAT_5mspulses_5Hz_pt06_to_pt5_004.V.0/1, VGAT_5mspulses_5Hz_pt06_to_pt5_005.V.0/1, VGAT_5mspulses_5Hz_pt06_to_pt5_006.V.0/1, VGAT_5mspulses_5Hz_pt06_to_pt5_007.V.0/1, VGAT_5mspulses_5Hz_pt06_to_pt5_008.V.0/1, VGAT_5mspulses_5Hz_pt06_to_pt5_009.V.0/1, VGAT_5mspulses_5Hz_pt06_to_pt5_010.V.0/1","Map_NewBlueLaser_VC_10Hz_006, VCIV_simple_000, VGAT_5mspulses_5Hz_pt035_to_pt06_000, VGAT_5mspulses_5Hz_pt035_to_pt06_001, VGAT_5mspulses_5Hz_pt045_to_pt1_000","Images:  14, Videos:  10"
57,2018.08.31_000,"NM3 - VGAT DOB 7/11/2018, 23g, p51, cut in Ting HEPES/NMDG, 10 min at 34C in Ting HEPES/NMDG -> RT in HEPES saline 2/2 Ca/Mg (10 mM LNac), recorded in Rao's solution (2/1.3 Ca/Mg)  Animal was NIHL exposed 8/14, ABR 8/29 (or 8/28?)  ",Std ACSF with 5+ uM CNQX disodium  Recording with Hi Cl cesium based internal.  s0c0 - cartwheel s1c0 - pyramidal s2c0 - pyramidal  All good. ,CBA Mouse,vGAT,het,p51,M,23g,Standard ACSF,Cesium,34C,True,True,slice_002, , , ,True,cell_000, ,pyramidal, ,True,VGAT_5mspulses_5Hz_pt035_to_pt06_nolight.V.20/270,"VCIV_simple_001, VCIV_simple_002, VCIV_simple_003, VGAT_5mspulses_5Hz_pt035_to_pt06_000, VGAT_5mspulses_5Hz_pt035_to_pt06_001, VGAT_5mspulses_5Hz_pt035_to_pt06_002, VGAT_5mspulses_5Hz_pt045_to_pt1_000, VGAT_5mspulses_5Hz_pt045_to_pt1_001, VGAT_5mspulses_5Hz_pt06_to_pt5_000, VGAT_5mspulses_5Hz_pt06_to_pt5_001",Images:   2
58,2018.09.04_000,"NM4 - VGAT DOB 7/11/2018, 24g, p55, cut in Ting HEPES/NMDG, 10 min at 34C in Ting HEPES/NMDG -> RT in HEPES saline 2/2 Ca/Mg (10 mM LNac), recorded in Rao's solution (2/1.3 Ca/Mg)  Animal was NIHL exposed 8/14, ABR 8/29 (or 8/28?)  ","Std ACSF with 5+ uM CNQX disodium  Recording with Hi Cl cesium based internal.  S3C0 - probable TV cell, nice responses",CBA Mouse,VGAT,het,p55,m,24g,Standard ACSF,Cesium,34C,True,True,slice_003, , , ,True,cell_000,"Probable tuberculoventral? deep layer IIish, two long dendrites, bipolarish all the way across slice??",unknown, ,True,"Ttest_000.V.4/41, Ttest_001.V.4/41, Ttest_002.V.4/41","Ttest_003, VCIV_simple_000, VCIV_simple_001, VGAT_5mspulses_5Hz_pt035_to_pt06_000, VGAT_5mspulses_5Hz_pt035_to_pt06_001, VGAT_5mspulses_5Hz_pt045_to_pt1_000, VGAT_5mspulses_5Hz_pt045_to_pt1_001, VGAT_5mspulses_5Hz_pt045_to_pt1_002","Images:  14, Videos:  10"
59,2018.09.10_000,"NN9 - VGAT DOB 7/11/2018, 18g, p61, cut in Ting HEPES/NMDG, 10 min at 34C in Ting HEPES/NMDG -> RT in HEPES saline 2/2 Ca/Mg (10 mM LNac), recorded in Rao's solution (2/1.3 Ca/Mg)    ",Std ACSF with 5+ uM CNQX disodium  Recording with Hi Cl cesium based internal.  s0c0 - nice cartwheel with lots of maps s1c0 - nice cartwheel with lost of maps - lots of sponts,CBA Mouse,VGAT,het,p61,F,18g,Standard ACSF,Cesium,34C,True,True,slice_000,"2nd slice? not far from top, but looks further down? I'm confused..", , ,True,cell_000,"Spontaneous galore, but nice and did 4 good maps, 3 low intensity, one high  Great access throughout!!",cartwheel,mid layer I,True,VGAT_5mspulses_5Hz_pt035_to_pt06_000.V.0/1,"VCIV_simple_000, VCIV_simple_001, VCIV_simple_002, VCIV_simple_003, VGAT_5mspulses_5Hz_pt035_to_pt06_001, VGAT_5mspulses_5Hz_pt035_to_pt06_002, VGAT_5mspulses_5Hz_pt035_to_pt06_003, VGAT_5mspulses_5Hz_pt045_to_pt1_000","Images:   9, Videos:   8"
60,2018.09.10_000,"NN9 - VGAT DOB 7/11/2018, 18g, p61, cut in Ting HEPES/NMDG, 10 min at 34C in Ting HEPES/NMDG -> RT in HEPES saline 2/2 Ca/Mg (10 mM LNac), recorded in Rao's solution (2/1.3 Ca/Mg)    ",Std ACSF with 5+ uM CNQX disodium  Recording with Hi Cl cesium based internal.  s0c0 - nice cartwheel with lots of maps s1c0 - nice cartwheel with lost of maps - lots of sponts,CBA Mouse,VGAT,het,p61,F,18g,Standard ACSF,Cesium,34C,True,True,slice_001,deep slice 2?, , ,True,cell_000,"some later access issues, a lot of early spont activity...  Still, not a bad cell.",cartwheel, ,True,VGAT_5mspulses_5Hz_pt035_to_pt06_002.V.1/265,"VCIV_simple_000, VCIV_simple_001, VCIV_simple_002, VCIV_simple_003, VGAT_5mspulses_5Hz_pt035_to_pt06_000, VGAT_5mspulses_5Hz_pt035_to_pt06_001, VGAT_5mspulses_5Hz_pt035_to_pt06_003, VGAT_5mspulses_5Hz_pt035_to_pt06_004, VGAT_5mspulses_5Hz_pt045_to_pt1_000","Images:   9, Videos:   6"
61,2018.09.11_000,"NN4 - VGAT DOB 7/11/2018, 18g, p62, cut in Ting HEPES/NMDG, 10 min at 34C in Ting HEPES/NMDG -> RT in HEPES saline 2/2 Ca/Mg (10 mM LNac), recorded in Rao's solution (2/1.3 Ca/Mg)    ",Std ACSF with 5+ uM CNQX disodium  Recording with Hi Cl cesium based internal. ,CBA Mouse,VGAT,het,p62,f,18g,Standard ACSF,Cesium,34C,True,True,slice_000,slice 3.5 -  top bit slice 1.5 slice 2.5 slice 3.5 <- this one NO MORE, , ,True,cell_000, , , , , , ,No Images or Videos
62,2018.09.11_000,"NN4 - VGAT DOB 7/11/2018, 18g, p62, cut in Ting HEPES/NMDG, 10 min at 34C in Ting HEPES/NMDG -> RT in HEPES saline 2/2 Ca/Mg (10 mM LNac), recorded in Rao's solution (2/1.3 Ca/Mg)    ",Std ACSF with 5+ uM CNQX disodium  Recording with Hi Cl cesium based internal. ,CBA Mouse,VGAT,het,p62,f,18g,Standard ACSF,Cesium,34C,True,True,slice_000,slice 3.5 -  top bit slice 1.5 slice 2.5 slice 3.5 <- this one NO MORE, , ,True,cell_001,Gorgeous pyramidal cell with beautiful responses..,pyramidal, ,True,"VGAT_5mspulses_5Hz_pt035_to_pt06_000.V.14/306, VGAT_5mspulses_5Hz_pt035_to_pt06_002.V.7/306","VCIV_simple_000, VCIV_simple_001, VGAT_5mspulses_5Hz_pt035_to_pt06_001, VGAT_5mspulses_5Hz_pt035_to_pt06_003, VGAT_5mspulses_5Hz_pt045_to_pt1_000","Images:  20, Videos:  15"
63,2018.09.11_000,"NN4 - VGAT DOB 7/11/2018, 18g, p62, cut in Ting HEPES/NMDG, 10 min at 34C in Ting HEPES/NMDG -> RT in HEPES saline 2/2 Ca/Mg (10 mM LNac), recorded in Rao's solution (2/1.3 Ca/Mg)    ",Std ACSF with 5+ uM CNQX disodium  Recording with Hi Cl cesium based internal. ,CBA Mouse,VGAT,het,p62,f,18g,Standard ACSF,Cesium,34C,True,True,slice_003,flipped slice 2 , , ,True,cell_000,"Nice cell, lots of maps, not super access but should be good enough..",cartwheel, ,True, ,"VCIV_simple_000, VGAT_5mspulses_5Hz_pt035_to_pt06_000, VGAT_5mspulses_5Hz_pt035_to_pt06_001, VGAT_5mspulses_5Hz_pt035_to_pt06_002, VGAT_5mspulses_5Hz_pt045_to_pt1_000","Images:   9, Videos:   5"
64,2018.10.01_000,"N02 - VGAT DOB 7/16/2018, 20g, p77, cut in Ting HEPES/NMDG, 10 min at 34C in Ting HEPES/NMDG -> RT in HEPES saline 2/2 Ca/Mg (10 mM LNac), recorded in Rao's solution (2/1.3 Ca/Mg)  ","Std ACSF with 5+ uM CNQX disodium  Recording with Hi Cl cesium based internal - slice 001 switched to K+ internal  PROBLEMS  two cells in slice_000 recorded in QX-314 free internal soln (oops) pyramidal cell in slice_001 was great, but flow stopped at some unknown point (saline bottle tilted to ~70 degrees and flow tube came out), so temperature/oxygenation were goofy, hence low firing rates  Nothing worthwhile besides testing concept of inhibitory light to test effect on pyramidal cell firing...",CBA Mouse,VGAT,het,p77,f,20g,Standard ACSF,Cesium,34C, ,True,slice_000, , , , ,cell_000, , , ,False,"VGAT_5mspulses_5Hz_pt035_to_pt06_000.V.0/1, VGAT_5mspulses_5Hz_pt035_to_pt06_001.V.0/1","VCIV_simple_000, VGAT_5mspulses_5Hz_pt035_to_pt06_002","Images:  12, Videos:  11"
65,2018.10.01_000,"N02 - VGAT DOB 7/16/2018, 20g, p77, cut in Ting HEPES/NMDG, 10 min at 34C in Ting HEPES/NMDG -> RT in HEPES saline 2/2 Ca/Mg (10 mM LNac), recorded in Rao's solution (2/1.3 Ca/Mg)  ","Std ACSF with 5+ uM CNQX disodium  Recording with Hi Cl cesium based internal - slice 001 switched to K+ internal  PROBLEMS  two cells in slice_000 recorded in QX-314 free internal soln (oops) pyramidal cell in slice_001 was great, but flow stopped at some unknown point (saline bottle tilted to ~70 degrees and flow tube came out), so temperature/oxygenation were goofy, hence low firing rates  Nothing worthwhile besides testing concept of inhibitory light to test effect on pyramidal cell firing...",CBA Mouse,VGAT,het,p77,f,20g,Standard ACSF,Cesium,34C, ,True,slice_000, , , , ,cell_001, , , , , ,"VCIV_simple_000, VCIV_simple_001, VCIV_simple_002, VCIV_simple_003, VGAT_5mspulses_5Hz_pt035_to_pt06_000, VGAT_5mspulses_5Hz_pt045_to_pt1_000","Images:  16, Videos:  13"
66,2018.10.01_000,"N02 - VGAT DOB 7/16/2018, 20g, p77, cut in Ting HEPES/NMDG, 10 min at 34C in Ting HEPES/NMDG -> RT in HEPES saline 2/2 Ca/Mg (10 mM LNac), recorded in Rao's solution (2/1.3 Ca/Mg)  ","Std ACSF with 5+ uM CNQX disodium  Recording with Hi Cl cesium based internal - slice 001 switched to K+ internal  PROBLEMS  two cells in slice_000 recorded in QX-314 free internal soln (oops) pyramidal cell in slice_001 was great, but flow stopped at some unknown point (saline bottle tilted to ~70 degrees and flow tube came out), so temperature/oxygenation were goofy, hence low firing rates  Nothing worthwhile besides testing concept of inhibitory light to test effect on pyramidal cell firing...",CBA Mouse,VGAT,het,p77,f,20g,Standard ACSF,Cesium,34C, ,True,slice_001, , , , ,cell_000, , , , ,"VGAT_5mspulses_5Hz_pt045_to_pt1_000.I.5/72, VGAT_5mspulses_5Hz_pt045_to_pt1_001.I.5/72, VGAT_IC_single_001.I.54/55","CCIV_1nA_max_000, CCIV_4nA_max_000, VGAT_5mspulses_5Hz_pt045_to_pt1_002, VGAT_CC100msdepol_5mspulses_5Hz_pt045_to_pt1_000, VGAT_CC100msdepol_5mspulses_5Hz_pt045_to_pt1_001, VGAT_IC_single_000","Images:  13, Videos:  11"
67,2018.10.01_000,"N02 - VGAT DOB 7/16/2018, 20g, p77, cut in Ting HEPES/NMDG, 10 min at 34C in Ting HEPES/NMDG -> RT in HEPES saline 2/2 Ca/Mg (10 mM LNac), recorded in Rao's solution (2/1.3 Ca/Mg)  ","Std ACSF with 5+ uM CNQX disodium  Recording with Hi Cl cesium based internal - slice 001 switched to K+ internal  PROBLEMS  two cells in slice_000 recorded in QX-314 free internal soln (oops) pyramidal cell in slice_001 was great, but flow stopped at some unknown point (saline bottle tilted to ~70 degrees and flow tube came out), so temperature/oxygenation were goofy, hence low firing rates  Nothing worthwhile besides testing concept of inhibitory light to test effect on pyramidal cell firing...",CBA Mouse,VGAT,het,p77,f,20g,Standard ACSF,Cesium,34C, ,True,slice_001, , , , ,cell_001, , , , , , ,No Images or Videos
68,2018.10.03_000,"N03 - VGAT DOB 7/16/2018, 20g, p79, cut in Ting HEPES/NMDG, 10 min at 34C in Ting HEPES/NMDG -> RT in HEPES saline 2/2 Ca/Mg (10 mM LNac), recorded in Rao's solution (2/1.3 Ca/Mg)  ","Std ACSF with 5+ uM CNQX disodium  No pyramidal cells. Did a couple input output I/V curves on one cartwheel and one TV cell. Not great, a bit of leak, but...",CBA Mouse,vGAT,het,p79,f,20g,Standard ACSF,Standard K-Gluc,34C,True,True,slice_001, , , , ,cell_000, , , , ,CCIV_1nA_max_000.I.35/41,"CC_VGAT_5mspulses_5Hz_pt035_to_pt06_000, CC_VGAT_5mspulses_5Hz_pt035_to_pt06_001, CC_VGAT_5mspulses_5Hz_pt035_to_pt06_002, CC_VGAT_5mspulses_5Hz_pt035_to_pt06_003, CC_VGAT_5mspulses_5Hz_pt035_to_pt06_004, CCIV_long_000","Images:   6, Videos:   4"
69,2018.10.03_000,"N03 - VGAT DOB 7/16/2018, 20g, p79, cut in Ting HEPES/NMDG, 10 min at 34C in Ting HEPES/NMDG -> RT in HEPES saline 2/2 Ca/Mg (10 mM LNac), recorded in Rao's solution (2/1.3 Ca/Mg)  ","Std ACSF with 5+ uM CNQX disodium  No pyramidal cells. Did a couple input output I/V curves on one cartwheel and one TV cell. Not great, a bit of leak, but...",CBA Mouse,vGAT,het,p79,f,20g,Standard ACSF,Standard K-Gluc,34C,True,True,slice_003, , , , ,cell_000, , , , ,VGAT_5mspulses_5Hz_pt035_to_pt06_CA_000.V.11/88, ,Images:   1
70,2018.10.05_000,"N01 - VGAT DOB 7/16/2018, 26g, p81, cut in Ting HEPES/NMDG, 10 min at 34C in Ting HEPES/NMDG -> RT in HEPES saline 2/2 Ca/Mg (10 mM LNac), recorded in Rao's solution (2/1.3 Ca/Mg)  ",Std ACSF with 5+ uM CNQX disodium  NICE!!!,CBA Mouse,VGAT,het,p81,m,26g,Standard ACSF,Standard K-Gluc,34C,True,True,slice_000, , , ,True,cell_000,leaky but amazing. Got leaky quick with laser. Moving slice??  Interesting fill...,giant, ,True,VGAT_CC40msdepol_20mspulses_1Hz_pt05_to_pt2_000.I.13/20,"CCIV_1nA_max_000, CCIV_4nA_max_000, CCIV_4nA_max_001","Images:  13, Videos:  10"
71,2018.10.05_000,"N01 - VGAT DOB 7/16/2018, 26g, p81, cut in Ting HEPES/NMDG, 10 min at 34C in Ting HEPES/NMDG -> RT in HEPES saline 2/2 Ca/Mg (10 mM LNac), recorded in Rao's solution (2/1.3 Ca/Mg)  ",Std ACSF with 5+ uM CNQX disodium  NICE!!!,CBA Mouse,VGAT,het,p81,m,26g,Standard ACSF,Standard K-Gluc,34C,True,True,slice_000, , , ,True,cell_001,WHAT?? IS?? THIS???  excitatory cell (no response to light) but small and fires at max of 30-50 Hz at 34 C???  WITH NO INHIBITORY INPUT (in response to various blue laser)  WHAT??,unknown, , ,CC_VGAT_5mspulses_5Hz_pt045_to_pt1_000.I.2/20,"CC_VGAT_5mspulses_5Hz_pt045_to_pt1_001, CCIV_long_000, CCIV_long_001, Map_NewBlueLaser_IC_10Hz_Range_000, Map_NewBlueLaser_IC_10Hz_Range_001","Images:   3, Videos:   1"
72,2018.10.05_000,"N01 - VGAT DOB 7/16/2018, 26g, p81, cut in Ting HEPES/NMDG, 10 min at 34C in Ting HEPES/NMDG -> RT in HEPES saline 2/2 Ca/Mg (10 mM LNac), recorded in Rao's solution (2/1.3 Ca/Mg)  ",Std ACSF with 5+ uM CNQX disodium  NICE!!!,CBA Mouse,VGAT,het,p81,m,26g,Standard ACSF,Standard K-Gluc,34C,True,True,slice_001, , , ,True,cell_000,Some leak but nice input/output,cartwheel, ,True,"CC_VGAT_5mspulses_5Hz_pt045_to_pt1_002.I.3/132, CCIV_long_000.I.16/21","CC_VGAT_5mspulses_5Hz_pt035_to_pt06_000, CC_VGAT_5mspulses_5Hz_pt035_to_pt06_001, CC_VGAT_5mspulses_5Hz_pt035_to_pt06_002, CC_VGAT_5mspulses_5Hz_pt045_to_pt1_000, CC_VGAT_5mspulses_5Hz_pt045_to_pt1_001, CC_VGAT_5mspulses_5Hz_pt045_to_pt1_003, CCIV_1nA_Posonly_000, CCIV_long_001","Images:  11, Videos:   8"
73,2018.10.05_000,"N01 - VGAT DOB 7/16/2018, 26g, p81, cut in Ting HEPES/NMDG, 10 min at 34C in Ting HEPES/NMDG -> RT in HEPES saline 2/2 Ca/Mg (10 mM LNac), recorded in Rao's solution (2/1.3 Ca/Mg)  ",Std ACSF with 5+ uM CNQX disodium  NICE!!!,CBA Mouse,VGAT,het,p81,m,26g,Standard ACSF,Standard K-Gluc,34C,True,True,slice_003, , , ,True,cell_000,"WOWOWOWOW!! Access is imperfect, but steady and great for CC firing.  Lots of maps with different protocols and current injections. Use TO FIGURE OUT WHAT TO DO FOR FIGURES!!!!",pyramidal, ,True,"CC_VGAT_5mspulses_5Hz_pt045_to_pt1_000.I.0/1, CC_VGAT_5mspulses_5Hz_pt045_to_pt1_001.I.0/1, CC_VGAT_5mspulses_5Hz_pt045_to_pt1_002.I.0/1, VGAT_CC200msdepol_20mspulses_1Hz_pt05_to_pt2_002.I.6/104, VGAT_CC200msdepol_20mspulseTRAIN_1Hz_pt05_to_pt2_000_000.I.1/104, VGAT_CC40msdepol_20mspulses_1Hz_pt05_to_pt2_000.I.4/20","CCIV_1nA_max_000, CCIV_1nA_Posonly_000, CCIV_4nA_max_000, CCIV_long_000, VGAT_CC200msdepol_20mspulses_1Hz_pt05_to_pt2_000, VGAT_CC200msdepol_20mspulses_1Hz_pt05_to_pt2_001, VGAT_CC200msdepol_20mspulses_1Hz_pt05_to_pt2_003, VGAT_CC200msdepol_20mspulseTRAIN_1Hz_pt05_to_pt2_000_001, VGAT_CC200msdepol_20mspulseTRAIN_1Hz_pt05_to_pt2_000_002, VGAT_CC40msdepol_20mspulses_1Hz_pt05_to_pt2_001","Images:  18, Videos:  20"
74,2018.10.08_000,"NP3 - VGAT DOB 7/16/2018, 30g, p84, cut in Ting HEPES/NMDG, 10 min at 34C in Ting HEPES/NMDG -> RT in HEPES saline 2/2 Ca/Mg (10 mM LNac), recorded in Rao's solution (2/1.3 Ca/Mg)  ","Std ACSF with 5+ uM CNQX disodium  Some nice cells, only one really good piece of data - ",CBA Mouse,VGAT,het,p84,M,30g,Standard ACSF,Standard K-Gluc,34C,True,True,slice_000, , , , ,cell_000, , , , , ,"CCIV_1nA_max_000, CCIV_1nA_Posonly_000",No Images or Videos
75,2018.10.08_000,"NP3 - VGAT DOB 7/16/2018, 30g, p84, cut in Ting HEPES/NMDG, 10 min at 34C in Ting HEPES/NMDG -> RT in HEPES saline 2/2 Ca/Mg (10 mM LNac), recorded in Rao's solution (2/1.3 Ca/Mg)  ","Std ACSF with 5+ uM CNQX disodium  Some nice cells, only one really good piece of data - ",CBA Mouse,VGAT,het,p84,M,30g,Standard ACSF,Standard K-Gluc,34C,True,True,slice_001,"2nd slice from dorsal surface. And top slice was thin, so not far from surface... ", , ,True,cell_000,Huge gorgeous pyramial cell. Leaky but nice.  RAN ALL THE PROTOCOLS,pyramidal, ,True,"CCIV_Pre_000.I.3/11, CCIV_Pre_001.I.5/11, VGAT_CC200msdepol_20mspulseTRAIN_1Hz_pt05_to_pt2_000_001.I.0/1, VGAT_CC200msdepol_20mspulseTRAIN_1Hz_pt05_to_pt2_000_002.I.0/1, VGAT_CC200msdepol_20mspulseTRAIN_1Hz_pt05_to_pt2_000_004.I.0/1","CCIV_1nA_max_000, CCIV_1nA_max_001, CCIV_4nA_max_000, CCIV_4nA_max_001, CCIV_4nA_max_002, CCIV_Pre_002, VGAT_CC200msdepol_20mspulseTRAIN_1Hz_pt05_to_pt2_000_000, VGAT_CC200msdepol_20mspulseTRAIN_1Hz_pt05_to_pt2_000_003, VGAT_CC200msdepol_20mspulseTRAIN_1Hz_pt05_to_pt2_000_005, VGAT_CC200msdepol_20mspulseTRAIN_1Hz_pt05_to_pt2_000_006, VGAT_CC200msdepol_20mspulseTRAIN_1Hz_pt05_to_pt2_001, VGAT_CC200msdepol_20mspulseTRAIN_1Hz_pt05_to_pt2_002, VGAT_CC200msdepol_20mspulseTRAIN_1Hz_pt05_to_pt2_003","Images:  21, Videos:  13"
76,2018.10.08_000,"NP3 - VGAT DOB 7/16/2018, 30g, p84, cut in Ting HEPES/NMDG, 10 min at 34C in Ting HEPES/NMDG -> RT in HEPES saline 2/2 Ca/Mg (10 mM LNac), recorded in Rao's solution (2/1.3 Ca/Mg)  ","Std ACSF with 5+ uM CNQX disodium  Some nice cells, only one really good piece of data - ",CBA Mouse,VGAT,het,p84,M,30g,Standard ACSF,Standard K-Gluc,34C,True,True,slice_002, , , , ,cell_000, , , , , ,"CCIV_1nA_max_000, CCIV_4nA_max_000",Images:   1
77,2018.10.09_000,"NP2 - VGAT DOB 7/16/2018, 31g, p85, cut in Ting HEPES/NMDG, 10 min at 34C in Ting HEPES/NMDG -> RT in HEPES saline 2/2 Ca/Mg (10 mM LNac), recorded in Rao's solution (2/1.3 Ca/Mg)  ",Std ACSF with 5+ uM CNQX disodium  ,CBA Mouse,VGAT,het,85d,M,31g,Standard ACSF,Standard K-Gluc,34C,True,True,slice_000, , , ,True,cell_000, ,cartwheel, ,True,"CC_VGAT_5mspulses_5Hz_pt035_to_pt06_004.I.4/67, CC_VGAT_5mspulses_5Hz_pt035_to_pt06_005.I.8/67, CCIV_long_000.I.5/21","CC_VGAT_5mspulses_5Hz_pt035_to_pt06_000, CC_VGAT_5mspulses_5Hz_pt035_to_pt06_001, CC_VGAT_5mspulses_5Hz_pt035_to_pt06_002, CC_VGAT_5mspulses_5Hz_pt035_to_pt06_003, CC_VGAT_5mspulses_5Hz_pt035_to_pt06_006, CC_VGAT_5mspulses_5Hz_pt035_to_pt06_007, CC_VGAT_5mspulses_5Hz_pt045_to_pt1_000, CCIV_1nA_max_000, CCIV_1nA_max_001, CCIV_1nA_max_002, CCIV_long_001","Images:   6, Videos:   5"
78,2018.10.09_000,"NP2 - VGAT DOB 7/16/2018, 31g, p85, cut in Ting HEPES/NMDG, 10 min at 34C in Ting HEPES/NMDG -> RT in HEPES saline 2/2 Ca/Mg (10 mM LNac), recorded in Rao's solution (2/1.3 Ca/Mg)  ",Std ACSF with 5+ uM CNQX disodium  ,CBA Mouse,VGAT,het,85d,M,31g,Standard ACSF,Standard K-Gluc,34C,True,True,slice_001, , , ,True,cell_000, ,tuberculoventral, ,True,CC_VGAT_5mspulses_5Hz_pt045_to_pt1_000.I.34/70,"CC_VGAT_5mspulses_5Hz_pt035_to_pt06_000, CC_VGAT_5mspulses_5Hz_pt035_to_pt06_001, CCIV_1nA_Posonly_000, CCIV_long_000","Images:  12, Videos:  11"
79,2018.10.09_000,"NP2 - VGAT DOB 7/16/2018, 31g, p85, cut in Ting HEPES/NMDG, 10 min at 34C in Ting HEPES/NMDG -> RT in HEPES saline 2/2 Ca/Mg (10 mM LNac), recorded in Rao's solution (2/1.3 Ca/Mg)  ",Std ACSF with 5+ uM CNQX disodium  ,CBA Mouse,VGAT,het,85d,M,31g,Standard ACSF,Standard K-Gluc,34C,True,True,slice_003, , , ,True,cell_000, ,tuberculoventral, ,True,CC_VGAT_5mspulses_5Hz_pt035_to_pt06_000.I.7/77,"CC_VGAT_5mspulses_5Hz_pt035_to_pt06_001, CC_VGAT_5mspulses_5Hz_pt045_to_pt1_000, CC_VGAT_5mspulses_5Hz_pt045_to_pt1_001, CC_VGAT_5mspulses_5Hz_pt045_to_pt1_002, CCIV_1nA_Posonly_000, CCIV_1nA_Posonly_001, CCIV_4nA_max_000, CCIV_long_000, CCIV_long_001","Images:  11, Videos:   7"
80,2018.10.11_000,"NS9- NIHL? - VGAT DOB 8/22/2018, 17g, p50, cut in Ting HEPES/NMDG, 10 min at 34C in Ting HEPES/NMDG -> RT in HEPES saline 2/2 Ca/Mg (10 mM LNac), recorded in Rao's solution (2/1.3 Ca/Mg)  ",Std ACSF with 5 uM CNQX disodium  Recording with Hi Cl cesium based internal.,CBA Mouse,vGAT,het,p50,f,17g,Standard ACSF,Cesium,34C,True,True,slice_000, , , ,True,cell_000, ,cartwheel, , ,VCIV_simple_000.V.32/41, ,No Images or Videos
81,2018.10.11_000,"NS9- NIHL? - VGAT DOB 8/22/2018, 17g, p50, cut in Ting HEPES/NMDG, 10 min at 34C in Ting HEPES/NMDG -> RT in HEPES saline 2/2 Ca/Mg (10 mM LNac), recorded in Rao's solution (2/1.3 Ca/Mg)  ",Std ACSF with 5 uM CNQX disodium  Recording with Hi Cl cesium based internal.,CBA Mouse,vGAT,het,p50,f,17g,Standard ACSF,Cesium,34C,True,True,slice_000, , , ,True,cell_001, ,cartwheel, ,True,VCIV_simple_001.V.40/41,"VCIV_simple_000, VGAT_5mspulses_5Hz_pt035_to_pt06_000, VGAT_5mspulses_5Hz_pt035_to_pt06_001, VGAT_5mspulses_5Hz_pt035_to_pt06_002, VGAT_5mspulses_5Hz_pt035_to_pt06_003, VGAT_5mspulses_5Hz_pt045_to_pt1_000, VGAT_5mspulses_5Hz_pt045_to_pt1_001, VGAT_5mspulses_5Hz_pt045_to_pt1_002","Images:   6, Videos:   7"
82,2018.10.11_000,"NS9- NIHL? - VGAT DOB 8/22/2018, 17g, p50, cut in Ting HEPES/NMDG, 10 min at 34C in Ting HEPES/NMDG -> RT in HEPES saline 2/2 Ca/Mg (10 mM LNac), recorded in Rao's solution (2/1.3 Ca/Mg)  ",Std ACSF with 5 uM CNQX disodium  Recording with Hi Cl cesium based internal.,CBA Mouse,vGAT,het,p50,f,17g,Standard ACSF,Cesium,34C,True,True,slice_002, , , ,True,cell_000, ,tuberculoventral, ,True,"VGAT_5mspulses_5Hz_pt035_to_pt06_001.V.0/1, VGAT_5mspulses_5Hz_pt035_to_pt06_003.V.0/1","VCIV_simple_000, VCIV_simple_001, VGAT_5mspulses_5Hz_pt035_to_pt06_000, VGAT_5mspulses_5Hz_pt035_to_pt06_002, VGAT_5mspulses_5Hz_pt045_to_pt1_000, VGAT_5mspulses_5Hz_pt045_to_pt1_001","Images:  15, Videos:  10"
83,2018.10.11_000,"NS9- NIHL? - VGAT DOB 8/22/2018, 17g, p50, cut in Ting HEPES/NMDG, 10 min at 34C in Ting HEPES/NMDG -> RT in HEPES saline 2/2 Ca/Mg (10 mM LNac), recorded in Rao's solution (2/1.3 Ca/Mg)  ",Std ACSF with 5 uM CNQX disodium  Recording with Hi Cl cesium based internal.,CBA Mouse,vGAT,het,p50,f,17g,Standard ACSF,Cesium,34C,True,True,slice_003, , , , ,cell_000, ,cartwheel, ,True, ,"VCIV_simple_000, VGAT_5mspulses_5Hz_pt035_to_pt06_000, VGAT_5mspulses_5Hz_pt035_to_pt06_001","Images:   9, Videos:   6"
84,2018.10.16_000,"NS3 - NIHL? - VGAT DOB 8/22/2018, 18g, p55, cut in Ting HEPES/NMDG, 10 min at 34C in Ting HEPES/NMDG -> RT in HEPES saline 2/2 Ca/Mg (10 mM LNac), recorded in Rao's solution (2/1.3 Ca/Mg)  ",Std ACSF with 5 uM CNQX disodium  Recording with Hi Cl cesium based internal.  2 CW cells,CBA Mouse,vGAT,hemi,p55,f,18g,Standard ACSF,Cesium,34C,True,True,slice_001, , , ,True,cell_000,"Nice cell, lost access gradually.  First two runs with mirror off, but still on slice. run VGAT_5_5hz_pt035_pt006_002 is nice  Spontaneous activity, kicks up with more light (pt045_pt1)  Last VCIV turned on LED twice, lots of inward currents..",cartwheel, ,True,VGAT_5mspulses_5Hz_pt035_to_pt06_001.V.98/138,"VCIV_simple_000, VCIV_simple_001, VCIV_simple_002, VCIV_simple_003, VCIV_simple_004, VGAT_5mspulses_5Hz_pt035_to_pt06_000, VGAT_5mspulses_5Hz_pt035_to_pt06_002, VGAT_5mspulses_5Hz_pt035_to_pt06_003, VGAT_5mspulses_5Hz_pt045_to_pt1_000","Images:   8, Videos:   7"
85,2018.10.16_000,"NS3 - NIHL? - VGAT DOB 8/22/2018, 18g, p55, cut in Ting HEPES/NMDG, 10 min at 34C in Ting HEPES/NMDG -> RT in HEPES saline 2/2 Ca/Mg (10 mM LNac), recorded in Rao's solution (2/1.3 Ca/Mg)  ",Std ACSF with 5 uM CNQX disodium  Recording with Hi Cl cesium based internal.  2 CW cells,CBA Mouse,vGAT,hemi,p55,f,18g,Standard ACSF,Cesium,34C,True,True,slice_002, , , ,True,cell_000, , , ,True, ,"VCIV_simple_000, VCIV_simple_001, VGAT_5mspulses_5Hz_pt035_to_pt06_000, VGAT_5mspulses_5Hz_pt035_to_pt06_001, VGAT_5mspulses_5Hz_pt045_to_pt1_000, VGAT_5mspulses_5Hz_pt045_to_pt1_001, VGAT_5mspulses_5Hz_pt045_to_pt1_002","Images:  10, Videos:   6"
86,2018.10.19_000,"NT3 - NIHL? - VGAT DOB 8/26/2018, 25g, p54, cut in Ting HEPES/NMDG, 10 min at 34C in Ting HEPES/NMDG -> RT in HEPES saline 2/2 Ca/Mg (10 mM LNac), recorded in Rao's solution (2/1.3 Ca/Mg)  ",Std ACSF with 5 uM CNQX disodium  Recording with Hi Cl cesium based internal. ,CBA Mouse,VGAT,het,p54,M,25g,Standard ACSF,Cesium,34C,True,True,slice_000, , , ,True,cell_000, ,cartwheel, ,True,Ttest_000.V.6/41,"VCIV_simple_000, VCIV_simple_001, VGAT_5mspulses_5Hz_pt035_to_pt06_000, VGAT_5mspulses_5Hz_pt035_to_pt06_001, VGAT_5mspulses_5Hz_pt035_to_pt06_002, VGAT_5mspulses_5Hz_pt045_to_pt1_000","Images:   9, Videos:   8"
87,2018.10.19_000,"NT3 - NIHL? - VGAT DOB 8/26/2018, 25g, p54, cut in Ting HEPES/NMDG, 10 min at 34C in Ting HEPES/NMDG -> RT in HEPES saline 2/2 Ca/Mg (10 mM LNac), recorded in Rao's solution (2/1.3 Ca/Mg)  ",Std ACSF with 5 uM CNQX disodium  Recording with Hi Cl cesium based internal. ,CBA Mouse,VGAT,het,p54,M,25g,Standard ACSF,Cesium,34C,True,True,slice_001, , , ,True,cell_000, ,tuberculoventral, ,True, ,"VCIV_simple_000, VCIV_simple_001, VGAT_5mspulses_5Hz_pt035_to_pt06_000, VGAT_5mspulses_5Hz_pt045_to_pt1_000","Images:   9, Videos:   7"
88,2018.10.23_000,"NT1 - NIHL? - VGAT DOB 8/26/2018, 27g, p58, cut in Ting HEPES/NMDG, 10 min at 34C in Ting HEPES/NMDG -> RT in HEPES saline 2/2 Ca/Mg (10 mM LNac), recorded in Rao's solution (2/1.3 Ca/Mg)  ","Std ACSF with 5 uM CNQX disodium  Recording with Hi Cl cesium based internal.  s0c0 - pyramidal? Lots of sponts s1c0 - leaky cartwheel, but great access... s2c0 - unknown, died early..",CBA Mouse,VGAT,het,p58,m,27g,Standard ACSF,Cesium,34C,True,True,slice_000, , , ,True,cell_000, ,pyramidal, ,True,CCIV_1nA_max_000.I.15/41,"VCIV_simple_000, VGAT_5mspulses_5Hz_pt035_to_pt06_000, VGAT_5mspulses_5Hz_pt035_to_pt06_001","Images:   9, Videos:   7"
89,2018.10.23_000,"NT1 - NIHL? - VGAT DOB 8/26/2018, 27g, p58, cut in Ting HEPES/NMDG, 10 min at 34C in Ting HEPES/NMDG -> RT in HEPES saline 2/2 Ca/Mg (10 mM LNac), recorded in Rao's solution (2/1.3 Ca/Mg)  ","Std ACSF with 5 uM CNQX disodium  Recording with Hi Cl cesium based internal.  s0c0 - pyramidal? Lots of sponts s1c0 - leaky cartwheel, but great access... s2c0 - unknown, died early..",CBA Mouse,VGAT,het,p58,m,27g,Standard ACSF,Cesium,34C,True,True,slice_000, , , ,True,cell_001, , , , , , ,No Images or Videos
90,2018.10.23_000,"NT1 - NIHL? - VGAT DOB 8/26/2018, 27g, p58, cut in Ting HEPES/NMDG, 10 min at 34C in Ting HEPES/NMDG -> RT in HEPES saline 2/2 Ca/Mg (10 mM LNac), recorded in Rao's solution (2/1.3 Ca/Mg)  ","Std ACSF with 5 uM CNQX disodium  Recording with Hi Cl cesium based internal.  s0c0 - pyramidal? Lots of sponts s1c0 - leaky cartwheel, but great access... s2c0 - unknown, died early..",CBA Mouse,VGAT,het,p58,m,27g,Standard ACSF,Cesium,34C,True,True,slice_001, , , ,True,cell_000,"Weird cell. Phenomenal access but leaky, weird axon/dendrite heading deep, but direct light response + cartwheel...",cartwheel, ,True, ,"VCIV_simple_000, VCIV_simple_001, VGAT_5mspulses_5Hz_pt035_to_pt06_000, VGAT_5mspulses_5Hz_pt035_to_pt06_001, VGAT_5mspulses_5Hz_pt045_to_pt1_000","Images:  10, Videos:   9"
91,2018.10.24_000,"NT4 - NIHL? - VGAT DOB 8/26/2018, 20g, p59, cut in Ting HEPES/NMDG, 10 min at 34C in Ting HEPES/NMDG -> RT in HEPES saline 2/2 Ca/Mg (10 mM LNac), recorded in Rao's solution (2/1.3 Ca/Mg)  ",Std ACSF with 5 uM CNQX disodium  Recording with Hi Cl cesium based internal.  ,CBA Mouse,VGAT,het,p59,f,20g,Standard ACSF,Cesium,34C,True,True,slice_000, , , ,True,cell_000, ,tuberculoventral, ,True, ,"Ttest_000, VGAT_5mspulses_5Hz_pt035_to_pt06_000, VGAT_5mspulses_5Hz_pt045_to_pt1_000, VGAT_5mspulses_5Hz_pt045_to_pt1_001, VGAT_5mspulses_5Hz_pt045_to_pt1_002","Images:  11, Videos:   8"
92,2018.10.24_000,"NT4 - NIHL? - VGAT DOB 8/26/2018, 20g, p59, cut in Ting HEPES/NMDG, 10 min at 34C in Ting HEPES/NMDG -> RT in HEPES saline 2/2 Ca/Mg (10 mM LNac), recorded in Rao's solution (2/1.3 Ca/Mg)  ",Std ACSF with 5 uM CNQX disodium  Recording with Hi Cl cesium based internal.  ,CBA Mouse,VGAT,het,p59,f,20g,Standard ACSF,Cesium,34C,True,True,slice_001, , , ,True,cell_000,Giant or pyramidal,unknown, ,True,VGAT_5mspulses_5Hz_pt035_to_pt06_000.V.9/228,"VCIV_simple_000, VGAT_5mspulses_5Hz_pt035_to_pt06_001, VGAT_5mspulses_5Hz_pt045_to_pt1_000, VGAT_5mspulses_5Hz_pt045_to_pt1_001, VGAT_5mspulses_5Hz_pt06_to_pt5_000, VGAT_5mspulses_5Hz_pt06_to_pt5_001","Images:  16, Videos:  13"
93,2018.10.24_000,"NT4 - NIHL? - VGAT DOB 8/26/2018, 20g, p59, cut in Ting HEPES/NMDG, 10 min at 34C in Ting HEPES/NMDG -> RT in HEPES saline 2/2 Ca/Mg (10 mM LNac), recorded in Rao's solution (2/1.3 Ca/Mg)  ",Std ACSF with 5 uM CNQX disodium  Recording with Hi Cl cesium based internal.  ,CBA Mouse,VGAT,het,p59,f,20g,Standard ACSF,Cesium,34C,True,True,slice_002, , , ,True,cell_000, ,cartwheel, , ,VGAT_5mspulses_5Hz_pt045_to_pt1_000.V.10/198,"VCIV_simple_000, VCIV_simple_001, VGAT_5mspulses_5Hz_pt035_to_pt06_000, VGAT_5mspulses_5Hz_pt035_to_pt06_001","Images:   6, Videos:   6"
94,2018.10.26_000,"NU1 - NIHL? - VGAT DOB 8/27/2018, 18g, p60, cut in Ting HEPES/NMDG, 10 min at 34C in Ting HEPES/NMDG -> RT in HEPES saline 2/2 Ca/Mg (10 mM LNac), recorded in Rao's solution (2/1.3 Ca/Mg)  ",Std ACSF with 5 uM CNQX disodium  Recording with Hi Cl cesium based internal.  ,CBA Mouse,VGAT,het,p60,F,18g,Standard ACSF,Cesium,34C, ,True,slice_000, , , ,True,cell_000,"Nice cell, access variable but lots of good maps..",pyramidal, ,True, ,"VCIV_simple_000, VCIV_simple_001, VGAT_5mspulses_5Hz_pt035_to_pt06_000, VGAT_5mspulses_5Hz_pt035_to_pt06_001, VGAT_5mspulses_5Hz_pt045_to_pt1_000, VGAT_5mspulses_5Hz_pt045_to_pt1_001, VGAT_5mspulses_5Hz_pt045_to_pt1_002, VGAT_5mspulses_5Hz_pt06_to_pt5_000","Images:  19, Videos:  14"
95,2018.10.26_000,"NU1 - NIHL? - VGAT DOB 8/27/2018, 18g, p60, cut in Ting HEPES/NMDG, 10 min at 34C in Ting HEPES/NMDG -> RT in HEPES saline 2/2 Ca/Mg (10 mM LNac), recorded in Rao's solution (2/1.3 Ca/Mg)  ",Std ACSF with 5 uM CNQX disodium  Recording with Hi Cl cesium based internal.  ,CBA Mouse,VGAT,het,p60,F,18g,Standard ACSF,Cesium,34C, ,True,slice_002, , , ,True,cell_000, ,tuberculoventral, ,True,VGAT_20mspulses_5Hz_pt035_to_pt06_000.V.24/315,"VCIV_simple_000, VCIV_simple_001, VGAT_5mspulses_5Hz_pt035_to_pt06_000, VGAT_5mspulses_5Hz_pt045_to_pt1_000","Images:   3, Videos:   4"
96,2018.11.20_000,"DOB 7/16/2018, p127 VGAT. Sliced at 35C in Ting NMDG after perfusion with Ting NMDG, after 10 min at 35C, placed in RT Ting HEPES saline (2/2 Ca/Mg, pH 7.39). All recordings in Rao ACSF at 34C  ","Cell attached, high cesium with 1 mM glycine in the internal.",CBA Mouse,VGAT,het,p127,M,34g,Standard ACSF,Cesium,34C, ,True,slice_000, , , , ,cell_000, ,cartwheel, , ,VCIV_simple_003.V.21/84,"VCIV_simple_000, VCIV_simple_001, VCIV_simple_002, VCIV_simple_004, VCIV_simple_005, VCIV_simple_006",No Images or Videos
97,2018.11.20_000,"DOB 7/16/2018, p127 VGAT. Sliced at 35C in Ting NMDG after perfusion with Ting NMDG, after 10 min at 35C, placed in RT Ting HEPES saline (2/2 Ca/Mg, pH 7.39). All recordings in Rao ACSF at 34C  ","Cell attached, high cesium with 1 mM glycine in the internal.",CBA Mouse,VGAT,het,p127,M,34g,Standard ACSF,Cesium,34C, ,True,slice_000, , , , ,cell_001, , , , , , ,No Images or Videos
